link,score,name,play_count,domain
http://www.le.com/tv/10002984.html,9.0,每周神侃电视剧,125101315,le
http://www.le.com/tv/92948.html,8.0,结婚前规则,298274435,le
http://www.le.com/tv/10005042.html,9.1,金色年代第二季,1748594,le
http://www.le.com/tv/10000891.html,8.5,幸福在哪里,21931111,le
http://www.le.com/tv/10002873.html,7.0,金牌律师,46838888,le
http://www.le.com/tv/10003475.html,8.0,罪恶黑名单第二季,6891225,le
http://www.le.com/tv/10001272.html,8.3,裸婚之后,97704664,le
http://www.le.com/tv/10001144.html,8.2,谎言背后,70528972,le
http://www.le.com/tv/10005446.html,9.0,旋风十一人,7810000,le
http://www.le.com/tv/10006409.html,8.5,尖刀出鞘,42750673,le
http://www.le.com/tv/93052.html,8.0,新济公活佛,1475726812,le
http://www.le.com/tv/96313.html,7.9,二炮手,410912949,le
http://www.le.com/tv/10001428.html,8.0,生活启示录,152147056,le
http://www.le.com/tv/10032116.html,8.0,多情江山,3577859,le
http://www.le.com/tv/10002958.html,7.0,当婆婆遇上妈之欢喜冤家未删减版,10979235,le
http://www.le.com/tv/10000632.html,8.3,传奇英雄,163190712,le
http://www.le.com/tv/10005538.html,8.1,因为爱情有奇迹,237419389,le
http://www.le.com/tv/10001983.html,8.0,纸婚未删减版,5499730,le
http://www.le.com/tv/93900.html,8.0,亡者归来第一季,4707798,le
http://www.le.com/tv/10022567.html,9.3,知青家庭,3323048,le
http://www.le.com/tv/10002397.html,8.8,勇士之城钟汉良原声版,2605463,le
http://www.le.com/tv/10035052.html,8.0,新猛龙过江,22475496,le
http://www.le.com/tv/10026583.html,9.0,我们的动物园,1316233,le
http://www.le.com/tv/10014047.html,8.0,孤雁,46561751,le
http://www.le.com/tv/95965.html,7.8,乡村爱情7,460455582,le
http://www.le.com/tv/10014143.html,9.5,神盾局特工第三季,15735485,le
http://www.le.com/tv/10003105.html,7.2,清道夫第二季,3294000,le
http://www.le.com/tv/10032484.html,8.2,江南传奇之十五贯,995726,le
http://www.le.com/tv/10025798.html,9.0,奔腾年代第一季,500699,le
http://www.le.com/tv/10009130.html,8.4,带你去探班,25169567,le
http://www.le.com/tv/10023992.html,,证据,1598151,le
http://www.le.com/tv/10012927.html,,地雷战,68693235,le
http://www.le.com/tv/10024037.html,8.0,光明底线,39159,le
http://www.le.com/tv/10007586.html,8.3,封神英雄,218151744,le
http://www.le.com/tv/10024465.html,8.2,岳父太囧,15733516,le
http://www.le.com/tv/10012992.html,8.1,终极对决,26736062,le
http://www.le.com/tv/10022148.html,8.6,樱桃红之袖珍妈妈,9824289,le
http://www.le.com/tv/10032872.html,8.0,心理罪 预告,853628,le
http://www.le.com/tv/10003207.html,8.9,爱的保镖,18278138,le
http://www.le.com/tv/10011053.html,7.0,小爸妈,96020525,le
http://www.le.com/tv/10021594.html,6.7,爱情的十字路口,85777,le
http://www.le.com/tv/10013008.html,9.1,嘻哈帝国第二季,15425286,le
http://www.le.com/tv/10027456.html,,SDCC迷妹世界,127289,le
http://www.le.com/tv/10014645.html,8.0,渔岛怒潮,13303377,le
http://www.le.com/tv/10033127.html,8.0,消失的凶手,5754435,le
http://www.le.com/tv/10003677.html,8.0,白云飘飘的年代,20483023,le
http://www.le.com/tv/10033128.html,8.0,暴走神探,5434466,le
http://www.le.com/tv/10010943.html,7.0,神机妙算刘伯温,19647819,le
http://www.le.com/tv/10024347.html,,撩剧呗,173307209,le
http://www.le.com/tv/93159.html,6.5,伙伴夫妻,13285512,le
http://www.le.com/tv/10034722.html,9.0,大秦帝国之崛起 央视版,85849013,le
http://www.le.com/tv/10009135.html,8.7,中国刑警803,126991213,le
http://www.le.com/tv/10025144.html,9.4,每周电视报,4616698,le
http://www.le.com/tv/10007258.html,9.0,武媚娘传奇浙江卫视版,28390132,le
http://www.le.com/tv/10031780.html,8.0,爱来的刚好,223324074,le
http://www.le.com/tv/10014454.html,8.1,煮妇神探,10320359,le
http://www.le.com/tv/10024453.html,8.0,谢谢你伦敦,404391282,le
http://www.le.com/tv/10032115.html,8.5,嘿，老头！,2064912,le
http://www.le.com/tv/10030793.html,9.0,罪恶黑名单第三季,1702835,le
http://www.le.com/tv/10010702.html,6.5,我的老千生涯,39273509,le
http://www.le.com/tv/10025456.html,9.0,心理罪2,698303358,le
http://www.le.com/tv/93334.html,9.2,芈月传,12406165438,le
http://www.le.com/tv/10034461.html,8.0,破晓,32807856,le
http://www.le.com/tv/10033441.html,8.6,小草青青,44523700,le
http://www.le.com/tv/95667.html,8.0,下一站婚姻,183755231,le
http://www.le.com/tv/10035116.html,8.2,咱家,2136616,le
http://www.le.com/tv/10032690.html,8.7,女总裁的贴身高手2,106337633,le
http://www.le.com/tv/10013689.html,7.8,飞虎队,10922111,le
http://www.le.com/tv/10035143.html,9.0,老爸当家,35328142,le
http://www.le.com/tv/10032708.html,9.0,心理罪2-邰伟cut,440748,le
http://www.le.com/tv/10016781.html,,鄂尔多斯风暴,2844444,le
http://www.le.com/tv/10034861.html,8.0,疯狂刺客之龙之子,106715719,le
http://www.le.com/tv/10032707.html,9.0,心理罪2-方木cut,773154,le
http://www.le.com/tv/10009447.html,8.7,橘子果酱,52846437,le
http://www.le.com/tv/10035212.html,8.0,极速遇见你,176064,le
http://www.le.com/tv/10032709.html,9.0,心理罪2-一周案情精编,797070,le
http://www.le.com/tv/10008066.html,7.7,生命中的好日子,30993849,le
http://www.le.com/tv/10035169.html,9.0,因为遇见你未删减版,9167441,le
http://www.le.com/tv/10026627.html,8.5,怒火英雄,18851441,le
http://www.le.com/tv/10010636.html,7.0,语文故事 第二季,432886,le
http://www.le.com/tv/10035163.html,9.8,鸡毛飞上天,410749813,le
http://www.le.com/tv/10032858.html,9.0,心理罪2-主创纪录片,562207,le
http://www.le.com/tv/10011912.html,9.0,猎捕枕边人 第一季,7487079,le
http://www.le.com/tv/10026174.html,9.0,因为遇见你,100773213,le
http://www.le.com/tv/10032933.html,9.0,心理罪2-独家策划,180644,le
http://www.le.com/tv/10030373.html,8.0,疯狂直男,1540604,le
http://www.le.com/tv/10035081.html,8.5,我的胡搅年代,10195132,le
http://www.le.com/tv/10032698.html,9.0,心理罪2-片场纪录片,1340039,le
http://www.le.com/tv/10035254.html,8.0,热血尖兵,2181613,le
http://www.le.com/tv/10033070.html,8.6,别让爱你的人等太久,34198042,le
http://www.le.com/tv/10035183.html,8.5,极速刷鸡毛,111899,le
http://www.le.com/tv/10032971.html,8.0,真心想让你幸福,41017570,le
http://www.le.com/tv/10033258.html,8.7,我与你的光年距离,741721289,le
http://www.le.com/tv/10032963.html,8.5,放弃我抓紧我未删减版,45497711,le
http://www.le.com/tv/10004218.html,8.2,大秦帝国之崛起,51144552,le
http://www.le.com/tv/10020565.html,8.5,放弃我抓紧我,841480643,le
http://www.le.com/tv/10033168.html,9.0,孤芳剧透社,36468791,le
http://www.le.com/tv/10032788.html,8.0,老公们的私房钱,180590084,le
http://www.le.com/tv/10034651.html,8.0,青年霍元甲之冲出江湖未删减版,18464836,le
http://www.le.com/tv/10033008.html,8.0,淬火成钢,20057397,le
http://www.le.com/tv/10034703.html,9.0,极速赏桃花,17253023,le
http://www.le.com/tv/10032072.html,8.5,我的爱对你说,41636375,le
http://www.le.com/tv/10034562.html,9.0,三生三世十里桃花杨幂cut,8505414,le
http://www.le.com/tv/10032753.html,8.9,深宅1927,30888207,le
http://www.le.com/tv/10023537.html,9.5,周末父母未删减版,22905290,le
http://www.le.com/tv/10010111.html,8.4,我是杜拉拉,2926361,le
http://www.le.com/tv/10023130.html,9.5,周末父母,141764871,le
http://www.le.com/tv/10033230.html,9.5,神秘博士圣诞特别篇,199431,le
http://www.le.com/tv/10022394.html,9.4,三生三世十里桃花,3409673159,le
http://www.le.com/tv/10029237.html,8.0,豆娘,42195174,le
http://www.le.com/tv/10033840.html,8.7,学院传说之三生三世桃花缘,0,le
http://www.le.com/tv/10021589.html,9.4,战争和人,572914,le
http://www.le.com/tv/10034083.html,8.0,青年霍元甲之冲出江湖,70362574,le
http://www.le.com/tv/10021550.html,9.4,真爱背后,1574176,le
http://www.le.com/tv/10034460.html,8.0,战火中的兄弟,67226534,le
http://www.le.com/tv/92634.html,8.0,我的儿子是奇葩,193135443,le
http://www.le.com/tv/10034458.html,8.0,淘气爷孙,75662217,le
http://www.le.com/tv/10001479.html,6.9,涛女郎,206827034,le
http://www.le.com/tv/10034536.html,8.0,双喜盈门,46079494,le
http://www.le.com/tv/10003682.html,7.8,满仓进城,213117778,le
http://www.le.com/tv/10034653.html,8.0,真实的人类（瑞典版）第二季,235635,le
http://www.le.com/tv/10002957.html,9.0,马向阳下乡记,193867565,le
http://www.le.com/tv/10034652.html,8.0,真实的人类（瑞典版）第一季,805997,le
http://www.le.com/tv/10004164.html,8.5,卫子夫,254786627,le
http://www.le.com/tv/10020129.html,9.0,孤芳不自赏,0,le
http://www.le.com/tv/93318.html,8.0,大丈夫,176014576,le
http://www.le.com/tv/10033170.html,9.0,极速赏孤芳,65935896,le
http://www.le.com/tv/10004081.html,8.5,穷孩子富孩子,139143019,le
http://www.le.com/tv/10033162.html,9.0,孤芳不自赏未删减版,585120038,le
http://www.le.com/tv/92949.html,8.0,我和我的传奇奶奶,113293344,le
http://www.le.com/tv/95502.html,8.0,战火兵魂,58507232,le
http://www.le.com/tv/92968.html,8.0,喋血孤岛,298811860,le
http://www.le.com/tv/93150.html,7.5,黎明前的抉择,163474405,le
http://www.le.com/tv/93340.html,7.8,封神英雄榜,255282694,le
http://www.le.com/tv/10027423.html,8.0,家有大姐,1943805,le
http://www.le.com/tv/10003419.html,7.0,剑侠,226886501,le
http://www.le.com/tv/10027432.html,8.0,SDCC 展会明星 第一季,213813,le
http://www.le.com/tv/96307.html,7.0,刀客家族的女人,364596490,le
http://www.le.com/tv/10008152.html,9.0,好大一个家,41467517,le
http://www.le.com/tv/10002029.html,9.2,古剑奇谭未删减版,380893386,le
http://www.le.com/tv/10021800.html,8.9,玉海棠,55897679,le
http://www.le.com/tv/81611.html,9.1,纸婚,91235953,le
http://www.le.com/tv/10008874.html,8.7,炮神,172339902,le
http://www.le.com/tv/95383.html,7.8,兵临村下,131802889,le
http://www.le.com/tv/10027301.html,8.1,查泰莱夫人的情人,739923,le
http://www.le.com/tv/10002760.html,8.0,相爱十年,155625811,le
http://www.le.com/tv/10011078.html,8.2,永无止境 第一季,12886902,le
http://www.le.com/tv/10004759.html,8.6,奇葩一家亲,203020788,le
http://www.le.com/tv/10009768.html,8.1,奔腾年代第二季,414599,le
http://www.le.com/tv/96305.html,8.0,飘帅,139627461,le
http://www.le.com/tv/10021538.html,8.5,黄河在咆哮,6900358,le
http://www.le.com/tv/96306.html,7.8,一仆二主,236104975,le
http://www.le.com/tv/10011909.html,9.2,游侠笑传第一季,1837768,le
http://www.le.com/tv/10004356.html,7.6,幸福36计未删减版,67657375,le
http://www.le.com/tv/10014301.html,8.2,初来乍到第一季,5137866,le
http://www.le.com/tv/10003854.html,7.8,女人要过好日子,58561808,le
http://www.le.com/tv/10022561.html,9.4,传奇大掌柜,32871917,le
http://www.le.com/tv/10016347.html,8.8,9号秘事 第一季,6586737,le
http://www.le.com/tv/10014896.html,9.0,反恐特战队,26561774,le
http://www.le.com/tv/10001771.html,8.5,微象,780628,le
http://www.le.com/tv/10007585.html,8.1,平凡的世界,537896347,le
http://www.le.com/tv/10001745.html,8.0,神枪之倒刺,148425329,le
http://www.le.com/tv/10014980.html,8.3,芈月传奇北京卫视版,22573567,le
http://www.le.com/tv/10006911.html,8.1,剿匪英雄,41492683,le
http://www.le.com/tv/10015173.html,9.0,太子妃升职记,3780470938,le
http://www.le.com/tv/10002364.html,8.0,冒牌英雄,69492031,le
http://www.le.com/tv/91802.html,8.0,少年四大名捕,562783716,le
http://www.le.com/tv/81674.html,9.0,楚留香新传,98550361,le
http://www.le.com/tv/10011670.html,9.0,真实的人类第一季,23863322,le
http://www.le.com/tv/10019170.html,8.5,水瓶宫第一季,12403803,le
http://www.le.com/tv/10016861.html,7.0,诡案,30400447,le
http://www.le.com/tv/10017095.html,7.0,芙蓉诀,15158342,le
http://www.le.com/tv/10013494.html,7.8,大猫儿追爱记 会员看全集 58集全,10441646,le
http://www.le.com/tv/10014492.html,7.8,波达克第一季,12832018,le
http://www.le.com/tv/10010126.html,8.0,女人的秘密,16055792,le
http://www.le.com/tv/10008646.html,9.0,《甄嬛传》电视电影,40303969,le
http://www.le.com/tv/10008538.html,8.5,酷爸俏妈,248577743,le
http://www.le.com/tv/10012647.html,8.0,伪装者,510756513,le
http://www.le.com/tv/10033166.html,9.0,孤芳不自赏钟汉良cut版,18460426,le
http://www.le.com/tv/10009400.html,8.3,你是我的姐妹,340221441,le
http://www.le.com/tv/10033169.html,9.0,孤芳不自赏纪录片寻芳纪,1826090,le
http://www.le.com/tv/10006909.html,7.9,偏偏喜欢你,261804393,le
http://www.le.com/tv/10033897.html,8.7,乐次元影视会员之16年那点事儿,39729,le
http://www.le.com/tv/10033167.html,9.0,孤芳不自赏北捷日记,11565404,le
http://www.le.com/tv/10024813.html,9.6,漂亮的李慧珍,1328064367,le
http://www.le.com/tv/10033185.html,8.0,漂亮的李慧珍 未删减版,47163205,le
http://www.le.com/tv/10033831.html,8.0,皇子归来之欢喜知府,37936011,le
http://www.le.com/tv/10034020.html,8.0,将婚姻进行到底,95682953,le
http://www.le.com/tv/10033802.html,8.0,孤战,34245322,le
http://www.le.com/tv/10033813.html,9.4,乱世丽人行,40736854,le
http://www.le.com/tv/10034322.html,8.0,守护丽人未删减版,200014042,le
http://www.le.com/tv/10031788.html,8.0,守护丽人,1535445069,le
http://www.le.com/tv/10031785.html,8.0,最后一张签证,0,le
http://www.le.com/tv/10033830.html,8.0,于成龙,31406802,le
http://www.le.com/tv/10033824.html,8.0,皇子归来之欢喜县令未删减版,18563425,le
http://www.le.com/tv/10033701.html,8.0,皇子归来之欢喜县令,41740023,le
http://www.le.com/tv/10004883.html,8.8,我最闪耀,5075420,le
http://www.le.com/tv/10000422.html,8.0,蕾女心经,119027336,le
http://www.le.com/tv/10002953.html,9.5,学姐知道,116282608,le
http://www.le.com/tv/96287.html,7.0,和平的全盛时代,166287913,le
http://www.le.com/tv/87765.html,9.1,步步惊情,202794435,le
http://www.le.com/tv/10002955.html,8.0,汉阳造,41159930,le
http://www.le.com/tv/81401.html,9.0,转身说爱你,34076226,le
http://www.le.com/tv/95432.html,7.8,男媒婆,92864708,le
http://www.le.com/tv/96082.html,6.1,老兵,210549272,le
http://www.le.com/tv/74584.html,7.0,狐仙,158831015,le
http://www.le.com/tv/10003308.html,8.5,神医大道公前传,71413253,le
http://www.le.com/tv/10005477.html,8.5,学姐很牛,19750452,le
http://www.le.com/tv/10002192.html,8.0,刀影,53207582,le
http://www.le.com/tv/10004634.html,8.2,不是不想嫁,37418756,le
http://www.le.com/tv/10004283.html,8.5,铁血刀锋,34141904,le
http://www.le.com/tv/93841.html,8.0,利箭纵横,87714499,le
http://www.le.com/tv/93100.html,8.8,犀利仁师,132216348,le
http://www.le.com/tv/10004461.html,8.2,铁血尖刀,44962669,le
http://www.le.com/tv/10000847.html,8.0,武林猛虎,40597661,le
http://www.le.com/tv/10001462.html,8.0,产科男医生,284072127,le
http://www.le.com/tv/10000526.html,7.8,秀秀的男人,111426629,le
http://www.le.com/tv/10003727.html,7.5,别逼我结婚,47163610,le
http://www.le.com/tv/10001465.html,6.8,飞哥大英雄,118688185,le
http://www.le.com/tv/94003.html,8.0,食来孕转,315463809,le
http://www.le.com/tv/10006821.html,7.2,清网行动,41912787,le
http://www.le.com/tv/10005520.html,8.0,穿越火线,51177359,le
http://www.le.com/tv/91700.html,8.0,大当家,190822657,le
http://www.le.com/tv/10001232.html,8.8,野鸭子2,47544601,le
http://www.le.com/tv/10000849.html,9.1,唐朝好男人2,135264411,le
http://www.le.com/tv/10001382.html,6.8,薛丁山,70503895,le
http://www.le.com/tv/10009881.html,8.2,金玉瑶,43361947,le
http://www.le.com/tv/88387.html,8.0,少年神探狄仁杰,156465564,le
http://www.le.com/tv/10009629.html,8.0,壮丁也是兵,60942499,le
http://www.le.com/tv/10012434.html,8.5,调皮王妃,792189561,le
http://www.le.com/tv/10003850.html,8.0,草帽警察,53100820,le
http://www.le.com/tv/10014977.html,9.0,芈月传安徽卫视版,157264582,le
http://www.le.com/tv/10010364.html,7.1,克拉恋人,932422096,le
http://www.le.com/tv/10007460.html,8.1,王大花的革命生涯,53306553,le
http://www.le.com/tv/10008925.html,8.1,想明白了再结婚,519007495,le
http://www.le.com/tv/10010250.html,8.9,我的宝贝,152556038,le
http://www.le.com/tv/10009173.html,8.5,烽火英雄传,80677462,le
http://www.le.com/tv/10007150.html,8.5,夜班医生第二季,8543471,le
http://www.le.com/tv/10009176.html,7.3,冬暖花会开,73374711,le
http://www.le.com/tv/95709.html,8.5,极品新娘,778110189,le
http://www.le.com/tv/10009834.html,9.0,学姐知道第二季,152101448,le
http://www.le.com/tv/93325.html,7.8,千金女贼,581405694,le
http://www.le.com/tv/10010588.html,9.9,冰与火的青春未删减版,22808812,le
http://www.le.com/tv/10010209.html,8.5,淑女涩男,284559460,le
http://www.le.com/tv/82303.html,8.7,乱世书香,126990452,le
http://www.le.com/tv/83884.html,8.5,长安三怪探,22730158,le
http://www.le.com/tv/10014979.html,8.5,芈月传 创作纪实,61992120,le
http://www.le.com/tv/10009191.html,8.3,我为儿孙当北漂未删减版,4409731,le
http://www.le.com/tv/10009141.html,7.4,活色生香 江西卫视版,9602383,le
http://www.le.com/tv/10014790.html,8.0,家和万事兴,375194818,le
http://www.le.com/tv/10015199.html,8.0,家和万事兴未删减版,25797949,le
http://www.le.com/tv/10006766.html,8.3,屌丝留学记第二季,30930901,le
http://www.le.com/tv/10011305.html,9.0,伪装者未删减版,92330700,le
http://www.le.com/tv/92998.html,8.0,恋恋不忘未删减版,70932839,le
http://www.le.com/tv/10012161.html,8.8,二胎时代未删减版,74775366,le
http://www.le.com/tv/93093.html,8.5,卫子夫未删减版,453998242,le
http://www.le.com/tv/10010774.html,8.5,二胎时代,246225819,le
http://www.le.com/tv/84215.html,8.1,老爸回家,85265053,le
http://www.le.com/tv/10016916.html,8.8,美丽的秘密未删减版,20302979,le
http://www.le.com/tv/10006537.html,8.5,兵出潼关,61305742,le
http://www.le.com/tv/10008318.html,8.0,美丽的秘密,503741045,le
http://www.le.com/tv/96466.html,7.8,青春烈火,274969093,le
http://www.le.com/tv/85098.html,5.3,血色黎明,61424167,le
http://www.le.com/tv/10006021.html,8.2,因为爱情有奇缘,45358628,le
http://www.le.com/tv/10002197.html,8.9,犀利仁师TV版,105785770,le
http://www.le.com/tv/83217.html,7.6,团圆饭,63444995,le
http://www.le.com/tv/96040.html,6.0,傻妞归来,500165707,le
http://www.le.com/tv/10005567.html,8.8,觉醒者,44954970,le
http://www.le.com/tv/10006201.html,8.0,我要当八路,77548204,le
http://www.le.com/tv/10000273.html,7.6,女王驾到,19254937,le
http://www.le.com/tv/10002307.html,6.8,无尽的爱,96629432,le
http://www.le.com/tv/10000403.html,8.6,枪火,81489571,le
http://www.le.com/tv/10002061.html,8.0,幸福从天而降,140636813,le
http://www.le.com/tv/10000550.html,8.0,傻儿传奇,59535134,le
http://www.le.com/tv/10006521.html,8.8,青年医生,425182193,le
http://www.le.com/tv/95571.html,7.0,完美新娘,46424727,le
http://www.le.com/tv/10003477.html,8.5,神盾局特工第二季,78364113,le
http://www.le.com/tv/10005489.html,6.5,绝地枪王,108651093,le
http://www.le.com/tv/10005105.html,8.0,铁血武工队传奇,100682869,le
http://www.le.com/tv/10006144.html,8.2,情定三生,83205672,le
http://www.le.com/tv/10004191.html,8.9,雪豹坚强岁月,107631358,le
http://www.le.com/tv/93522.html,7.5,婚战,48511896,le
http://www.le.com/tv/10006017.html,7.9,大都市小爱情,63812560,le
http://www.le.com/tv/96310.html,8.5,我爱男闺蜜,430093009,le
http://www.le.com/tv/10004371.html,7.2,爷们儿,129602530,le
http://www.le.com/tv/83062.html,7.6,江南四大才子,54464144,le
http://www.le.com/tv/10018928.html,9.0,爱的阶梯,11558878,le
http://www.le.com/tv/10023484.html,9.4,东方战场,4792942,le
http://www.le.com/tv/10033241.html,8.0,丛林笔记,509311657,le
http://www.le.com/tv/10025029.html,8.4,闺蜜嫁到,143278237,le
http://www.le.com/tv/10029521.html,9.0,这电影有毒,64217,le
http://www.le.com/tv/10029523.html,9.0,中二少年的吐槽大会,189886,le
http://www.le.com/tv/10033083.html,8.2,警花与警犬,12861152,le
http://www.le.com/tv/10022359.html,7.8,天天有喜2之人间有爱,6363875,le
http://www.le.com/tv/10032500.html,8.2,木兰妈妈,74664915,le
http://www.le.com/tv/10031959.html,8.0,长征大会师,46194573,le
http://www.le.com/tv/10009976.html,7.5,无名者,49190624,le
http://www.le.com/tv/10004143.html,8.6,恋爱真美,239419381,le
http://www.le.com/tv/10032045.html,7.6,深爱食堂第二季,3147760,le
http://www.le.com/tv/10031087.html,8.4,姐妹姐妹,157018003,le
http://www.le.com/tv/10025901.html,8.3,嘿，孩子,374209256,le
http://www.le.com/tv/10031884.html,8.7,网剧《28岁未成年》,134626133,le
http://www.le.com/tv/10022345.html,9.4,因为爱情有幸福,6744701,le
http://www.le.com/tv/10026396.html,9.0,女怕嫁错郎,30048717,le
http://www.le.com/tv/10031360.html,8.4,刺青,63597062,le
http://www.le.com/tv/10031347.html,8.0,我是你的眼,81126318,le
http://www.le.com/tv/10030665.html,8.2,下辈子还做我老爸,21785104,le
http://www.le.com/tv/10030288.html,8.7,整垮前女友,62259933,le
http://www.le.com/tv/10004357.html,7.6,信者无敌,152466912,le
http://www.le.com/tv/10025375.html,,撩剧呗之幻城,7869979,le
http://www.le.com/tv/10030965.html,8.0,伏击,134019771,le
http://www.le.com/tv/10029524.html,9.0,搞什么鬼,66111,le
http://www.le.com/tv/10030471.html,,绝命后卫师,20857227,le
http://www.le.com/tv/10022365.html,8.5,五鼠闹东京,1822022,le
http://www.le.com/tv/10029835.html,9.0,一起长大,114934988,le
http://www.le.com/tv/10031618.html,9.8,波达克第二季,6615511,le
http://www.le.com/tv/80195.html,8.5,曹操,77097376,le
http://www.le.com/tv/10011914.html,9.0,明若晓溪,139621706,le
http://www.le.com/tv/10017090.html,8.0,继父回家,142087853,le
http://www.le.com/tv/10014690.html,8.0,妈妈像花儿一样,47161105,le
http://www.le.com/tv/10011581.html,8.0,太那个了吧,192952473,le
http://www.le.com/tv/10017595.html,,激战未删减版,4787204,le
http://www.le.com/tv/10019299.html,,龙门村的故事,8781140,le
http://www.le.com/tv/10016979.html,9.5,得州崛起,13818623,le
http://www.le.com/tv/10014466.html,8.2,新济公活佛下部,60285599,le
http://www.le.com/tv/10015423.html,6.0,还珠格格2015,1086453,le
http://www.le.com/tv/10013650.html,8.2,青春集结号,73566656,le
http://www.le.com/tv/10017084.html,8.0,家国纪事,1108369,le
http://www.le.com/tv/10016717.html,7.0,后台很火,262787,le
http://www.le.com/tv/10016351.html,8.8,9号秘事 第二季,752629,le
http://www.le.com/tv/10013511.html,8.0,妈妈像花儿一样TV版,529101415,le
http://www.le.com/tv/10009668.html,8.8,抓住彩虹的男人,197249777,le
http://www.le.com/tv/10010054.html,9.5,偏偏喜欢你未删减版,20247054,le
http://www.le.com/tv/10010345.html,8.0,马上天下,67510230,le
http://www.le.com/tv/10011931.html,8.9,克拉恋人未删减版,9165769,le
http://www.le.com/tv/10002310.html,9.9,琅琊榜,1312188782,le
http://www.le.com/tv/10017231.html,9.0,爸爸是条龙,8137528,le
http://www.le.com/tv/10010776.html,9.0,大汉情缘之云中歌未删减版,16185240,le
http://www.le.com/tv/10016239.html,8.6,私房钱,8186143,le
http://www.le.com/tv/10013476.html,9.0,卧底未删减版,7142531,le
http://www.le.com/tv/10017219.html,,我的铁血金戈梦,26233886,le
http://www.le.com/tv/10016730.html,8.8,战地狮吼,13803265,le
http://www.le.com/tv/10014716.html,,千万别基动,140560095,le
http://www.le.com/tv/10013651.html,8.0,青春集结号未删减版,8737812,le
http://www.le.com/tv/10014468.html,8.2,新济公活佛下部未删减版,5536604,le
http://www.le.com/tv/10017091.html,8.0,地雷英雄传,38525394,le
http://www.le.com/tv/10031247.html,8.0,国家底线,49613015,le
http://www.le.com/tv/10030568.html,8.0,红旗漫卷西风,19623155,le
http://www.le.com/tv/10011567.html,10.0,幻城,2004923816,le
http://www.le.com/tv/10025373.html,10.0,幻城 未删减版,159099442,le
http://www.le.com/tv/10030590.html,8.8,红色护卫,20421799,le
http://www.le.com/tv/10008217.html,8.2,寒山令,166729695,le
http://www.le.com/tv/10030619.html,8.3,暗战危城,58708407,le
http://www.le.com/tv/10029542.html,8.5,花满楼,141282726,le
http://www.le.com/tv/10030394.html,8.0,骡子和金子,45121704,le
http://www.le.com/tv/10030600.html,7.9,我是红军,13748429,le
http://www.le.com/tv/10030296.html,8.0,蜂鸟,454365318,le
http://www.le.com/tv/10030699.html,8.8,红星照耀中国 未删减版,1320718,le
http://www.le.com/tv/10030632.html,,红星照耀中国,8993499,le
http://www.le.com/tv/10018210.html,8.0,你是我的眼,31835705,le
http://www.le.com/tv/10029240.html,8.5,傻儿传奇之抗战到底,65941981,le
http://www.le.com/tv/10027673.html,8.0,遥远的距离,62469970,le
http://www.le.com/tv/10027845.html,8.5,偶像猎手,114810304,le
http://www.le.com/tv/10014612.html,8.0,双刺 未删减版,5410519,le
http://www.le.com/tv/10029884.html,8.0,双刺,282955508,le
http://www.le.com/tv/10029831.html,8.0,亲密的搭档,43419365,le
http://www.le.com/tv/10029731.html,8.0,映山红,75890202,le
http://www.le.com/tv/10027457.html,8.5,养个孩子不容易,63895320,le
http://www.le.com/tv/10029295.html,,安居,56048192,le
http://www.le.com/tv/10029239.html,8.0,锻刀,261729593,le
http://www.le.com/tv/10017712.html,7.8,欢天喜地对亲家未删减版,10374111,le
http://www.le.com/tv/10029522.html,9.0,跟上我魔性的步伐,57459,le
http://www.le.com/tv/10027534.html,8.0,CCHQ 新审“美”,128856,le
http://www.le.com/tv/10030005.html,,女怕嫁错郎未删减版,5038855,le
http://www.le.com/tv/10027281.html,8.0,终极使命,36317482,le
http://www.le.com/tv/10028045.html,7.2,荣生茂风云,158769,le
http://www.le.com/tv/94473.html,8.0,钱塘传奇,35444164,le
http://www.le.com/tv/10016782.html,,我是赵传奇,22351702,le
http://www.le.com/tv/10015154.html,8.8,破阵,25277866,le
http://www.le.com/tv/10012975.html,8.5,地下地上之大陆小岛,16833568,le
http://www.le.com/tv/10015012.html,8.8,菜刀班尖刀连,17741664,le
http://www.le.com/tv/10010751.html,7.0,乐在旅途,12424319,le
http://www.le.com/tv/92815.html,9.0,大汉情缘之云中歌,738813839,le
http://www.le.com/tv/10015023.html,9.0,恋上黑天使,25857675,le
http://www.le.com/tv/10015592.html,,决杀,32549421,le
http://www.le.com/tv/10015916.html,9.0,青岛往事,48751584,le
http://www.le.com/tv/10016481.html,8.5,长安三怪探未删减版,145374712,le
http://www.le.com/tv/10013451.html,,生死血符,19481068,le
http://www.le.com/tv/10013727.html,8.4,夺宝传奇,22878179,le
http://www.le.com/tv/10015409.html,8.0,激战,54202739,le
http://www.le.com/tv/10017046.html,8.0,花火,76916367,le
http://www.le.com/tv/10012700.html,8.5,南侨机工英雄传,24468741,le
http://www.le.com/tv/10013247.html,9.0,我是机器人,36225471,le
http://www.le.com/tv/10014620.html,8.0,省港大营救,24420272,le
http://www.le.com/tv/10013514.html,9.0,桃花运,43098071,le
http://www.le.com/tv/10014342.html,8.0,巨浪,43771836,le
http://www.le.com/tv/10016471.html,8.0,枪侠,97836373,le
http://www.le.com/tv/10009321.html,8.8,幸福归来,372436170,le
http://www.le.com/tv/10014911.html,8.0,岁月如金,48259062,le
http://www.le.com/tv/10008053.html,8.3,嘻哈帝国第一季,42600792,le
http://www.le.com/tv/10014650.html,8.5,芈月传奇,46002751,le
http://www.le.com/tv/10015171.html,8.0,俺娘田小草,144153831,le
http://www.le.com/tv/10017099.html,9.0,老婆大人是80后,180709625,le
http://www.le.com/tv/10013042.html,7.6,二十四道拐,41268647,le
http://www.le.com/tv/10011589.html,,野山鹰,92922035,le
http://www.le.com/tv/10012926.html,8.1,冲出月亮岛,20680643,le
http://www.le.com/tv/10029212.html,8.0,宜昌保卫战,56534079,le
http://www.le.com/tv/10027956.html,7.8,猎刃,93264697,le
http://www.le.com/tv/10021381.html,9.4,太太万岁,171336407,le
http://www.le.com/tv/10027866.html,,且行且珍惜,596384399,le
http://www.le.com/tv/10027193.html,8.5,暮光之瞳,6076164,le
http://www.le.com/tv/10016531.html,8.9,爱情万万岁,466400813,le
http://www.le.com/tv/10026529.html,8.9,爱情万万岁 未删减版,91299151,le
http://www.le.com/tv/10021329.html,9.4,中国式关系,663064919,le
http://www.le.com/tv/10029353.html,8.0,逆转奇兵第二季,281804,le
http://www.le.com/tv/10026773.html,8.5,红色通道,110086973,le
http://www.le.com/tv/10026405.html,9.4,小别离 浙江卫视版,76792336,le
http://www.le.com/tv/10015578.html,9.4,小别离,1571520221,le
http://www.le.com/tv/10026337.html,,游击英雄,71126894,le
http://www.le.com/tv/10019913.html,8.9,半妖倾城,680021284,le
http://www.le.com/tv/10025262.html,9.0,代号,255934926,le
http://www.le.com/tv/10026041.html,9.0,代号 未删减版,39135753,le
http://www.le.com/tv/10021286.html,9.8,好想好想爱上你,89811174,le
http://www.le.com/tv/10019063.html,8.7,再见布莱克先生,55919954,le
http://www.le.com/tv/10025348.html,9.4,谜砂,483904872,le
http://www.le.com/tv/93596.html,8.8,秀丽江山之长歌行,484195989,le
http://www.le.com/tv/10025428.html,8.9,秀丽江山之长歌行 未删减版,12020204,le
http://www.le.com/tv/10025781.html,8.0,酸甜苦辣小夫妻,48330993,le
http://www.le.com/tv/10025931.html,9.4,马兰谣,14362277,le
http://www.le.com/tv/10009177.html,8.7,嫁个老公过日子,92861574,le
http://www.le.com/tv/10025913.html,8.7,嫁个老公过日子 未删减版,139841008,le
http://www.le.com/tv/10025774.html,9.6,遇见王沥川卫视版,166113834,le
http://www.le.com/tv/10014839.html,8.5,美国罪案故事第一季,8223811,le
http://www.le.com/tv/94190.html,9.6,遇见王沥川,1232650244,le
http://www.le.com/tv/10024598.html,9.0,超少年密码纪录片 超少年解码,43572681,le
http://www.le.com/tv/10025242.html,9.0,你好乔安,1290505176,le
http://www.le.com/tv/10002773.html,7.0,恋恋不忘,146640964,le
http://www.le.com/tv/10001145.html,8.4,温柔的诱惑,65433320,le
http://www.le.com/tv/10007215.html,8.2,拐个皇帝回现代,600380596,le
http://www.le.com/tv/95819.html,8.0,父母爱情,180090408,le
http://www.le.com/tv/93985.html,7.8,美丽的契约,79746521,le
http://www.le.com/tv/10006192.html,7.9,少林寺传奇藏经阁,145778098,le
http://www.le.com/tv/92245.html,9.2,古剑奇谭,1066388240,le
http://www.le.com/tv/93327.html,9.0,红高粱,1115425351,le
http://www.le.com/tv/10004197.html,8.2,青年医生未删减版,92944897,le
http://www.le.com/tv/90993.html,7.9,十月围城,208777743,le
http://www.le.com/tv/10005620.html,8.7,武媚娘传奇,1528295669,le
http://www.le.com/tv/10003922.html,8.5,谢谢你纽约,84776920,le
http://www.le.com/tv/96146.html,8.2,武媚娘传奇未删减版,360797056,le
http://www.le.com/tv/10003697.html,7.5,第二次人生,159496148,le
http://www.le.com/tv/10002641.html,7.9,大马帮,2753519,le
http://www.le.com/tv/92611.html,8.0,北平无战事,169854302,le
http://www.le.com/tv/95749.html,8.8,勇士之城,140784222,le
http://www.le.com/tv/10006607.html,8.0,妇道,23333708,le
http://www.le.com/tv/93096.html,8.0,好男儿之情感护理,21679676,le
http://www.le.com/tv/93771.html,8.0,四十九日·祭,86107786,le
http://www.le.com/tv/10004378.html,8.6,四十九日·祭未删减版,9192767,le
http://www.le.com/tv/93853.html,8.0,金玉良缘未删减版,57401685,le
http://www.le.com/tv/10001336.html,8.0,金玉良缘,237943146,le
http://www.le.com/tv/10001896.html,8.0,加油爱人,43426727,le
http://www.le.com/tv/10003790.html,8.0,大南迁,6031581,le
http://www.le.com/tv/95279.html,8.0,新济公活佛未删减版,13063632,le
http://www.le.com/tv/10003206.html,8.8,聊斋新编未删减版,77629818,le
http://www.le.com/tv/10004241.html,8.2,于无声处,31013217,le
http://www.le.com/tv/93000.html,8.0,女人的抗战,25721493,le
http://www.le.com/tv/91412.html,7.5,我的绝密生涯,31466654,le
http://www.le.com/tv/10025464.html,9.0,我的爱情撞上了战争,83645892,le
http://www.le.com/tv/10024622.html,9.4,硬骨头,110348947,le
http://www.le.com/tv/10022882.html,9.0,超少年密码,805240303,le
http://www.le.com/tv/10024591.html,9.0,超少年密码 易烊千玺cut,15179331,le
http://www.le.com/tv/10024592.html,9.0,超少年密码 王源cut,30590813,le
http://www.le.com/tv/10024593.html,9.0,超少年密码 王俊凯cut,34080001,le
http://www.le.com/tv/10025104.html,9.0,多少爱，可以重来,47961985,le
http://www.le.com/tv/10025247.html,9.4,幸福满屋,19259189,le
http://www.le.com/tv/10024458.html,8.6,海棠依旧,30165853,le
http://www.le.com/tv/10024024.html,9.0,追击者,73547171,le
http://www.le.com/tv/10024998.html,9.0,半妖幻城,8835617,le
http://www.le.com/tv/10018140.html,8.0,风云年代,175335744,le
http://www.le.com/tv/10022367.html,8.2,济公传,236447318,le
http://www.le.com/tv/10024148.html,7.0,踏破硝烟,50055391,le
http://www.le.com/tv/10023121.html,9.3,功夫婆媳,147631839,le
http://www.le.com/tv/10023456.html,8.5,校园篮球风云,68530629,le
http://www.le.com/tv/10012915.html,9.0,她很漂亮,208481802,le
http://www.le.com/tv/10023706.html,8.0,战争与和平,10177898,le
http://www.le.com/tv/10010615.html,9.0,X档案2016,26114379,le
http://www.le.com/tv/10023086.html,,撩剧呗好先生篇,9007769,le
http://www.le.com/tv/10022510.html,8.6,父亲的身份 未删减版,28319967,le
http://www.le.com/tv/10023664.html,8.0,逆转奇兵第一季,940782,le
http://www.le.com/tv/10021210.html,9.4,女不强大天不容,411597331,le
http://www.le.com/tv/10014773.html,7.5,我和她的传奇情仇,60289389,le
http://www.le.com/tv/10012076.html,9.0,好先生,2486289728,le
http://www.le.com/tv/10021469.html,8.0,女总裁的贴身高手,441800035,le
http://www.le.com/tv/10012176.html,9.0,我们的纯真年代,20772479,le
http://www.le.com/tv/10019259.html,,亲爱的翻译官独家幕后花絮,156626860,le
http://www.le.com/tv/10008904.html,8.1,亲爱的翻译官,5176924971,le
http://www.le.com/tv/93020.html,8.0,匹夫英雄,27854213,le
http://www.le.com/tv/10010299.html,,各个击破,10360536,le
http://www.le.com/tv/10003855.html,7.9,千金保姆,90238223,le
http://www.le.com/tv/10001852.html,8.0,火线英雄,6838897,le
http://www.le.com/tv/10007222.html,8.5,鹿鼎记,375876862,le
http://www.le.com/tv/10007580.html,8.5,家有正太第二季,2495032,le
http://www.le.com/tv/10003953.html,8.9,笨贼一箩筐,28241824,le
http://www.le.com/tv/10003418.html,8.0,假如幸福来临,27770476,le
http://www.le.com/tv/10006243.html,8.3,姥爷的抗战,28579536,le
http://www.le.com/tv/10007176.html,8.0,直男日记,1542941,le
http://www.le.com/tv/10006957.html,8.5,镖门,9359340,le
http://www.le.com/tv/10006612.html,7.8,同居男女2,5638989,le
http://www.le.com/tv/10006990.html,7.6,待到山花烂漫时,9843828,le
http://www.le.com/tv/10004071.html,9.0,国土安全第四季,6115742,le
http://www.le.com/tv/10004931.html,9.2,福尔摩斯：基本演绎法第三季,50848805,le
http://www.le.com/tv/10004626.html,8.5,借用一下你的爱,13808740,le
http://www.le.com/tv/94740.html,7.5,我们一定行,986821,le
http://www.le.com/tv/95668.html,7.8,无敌铁桥三,29718579,le
http://www.le.com/tv/93003.html,8.0,爱情最美丽,54409159,le
http://www.le.com/tv/10008141.html,7.8,兄弟们上,44358288,le
http://www.le.com/tv/10006866.html,8.1,老农民,109395495,le
http://www.le.com/tv/94001.html,7.5,家有一老,42067573,le
http://www.le.com/tv/10006958.html,8.8,沙僧日记,71250977,le
http://www.le.com/tv/10008577.html,8.3,我爷爷和奶奶的故事,33212387,le
http://www.le.com/tv/10007494.html,8.0,锋刃,88768881,le
http://www.le.com/tv/10004460.html,8.2,花红花火,124572387,le
http://www.le.com/tv/10002983.html,7.0,豆腐西施杨七巧,31087067,le
http://www.le.com/tv/10001902.html,8.1,东区女巫第二季,48760806,le
http://www.le.com/tv/10003483.html,8.0,断头谷第二季,8407938,le
http://www.le.com/tv/10002887.html,8.5,饥饿的青春美食特辑,393807,le
http://www.le.com/tv/10002621.html,7.6,饥饿的青春第一季,11074916,le
http://www.le.com/tv/10019263.html,,亲爱的翻译官未删减版,116268370,le
http://www.le.com/tv/10023629.html,10.0,好先生番外篇,29813946,le
http://www.le.com/tv/10022883.html,8.4,港媳嫁到,21797427,le
http://www.le.com/tv/10019262.html,,看穿亲爱的翻译官,34634434,le
http://www.le.com/tv/10021515.html,8.8,三八线,96576269,le
http://www.le.com/tv/10021486.html,8.6,三妹,121869282,le
http://www.le.com/tv/10022622.html,9.0,生活有点甜未删减版,25721123,le
http://www.le.com/tv/10022458.html,9.0,生活有点甜,64845534,le
http://www.le.com/tv/10023052.html,8.0,荒原第一季完整版,6796081,le
http://www.le.com/tv/10022472.html,9.2,亲情暖我心,13359584,le
http://www.le.com/tv/10022689.html,9.2,情满雪阳花,183751363,le
http://www.le.com/tv/10021110.html,9.4,情谜睡美人,330298779,le
http://www.le.com/tv/10023148.html,,奇妙的时光之旅未删减版,4623179,le
http://www.le.com/tv/10021456.html,9.4,奇妙的时光之旅,95154752,le
http://www.le.com/tv/10008912.html,9.8,致单身男女,112180164,le
http://www.le.com/tv/10022560.html,8.4,搭错车,33738869,le
http://www.le.com/tv/10014721.html,10.0,那年青春我们正好,625083334,le
http://www.le.com/tv/10021503.html,9.4,爱的追踪,25493987,le
http://www.le.com/tv/10021480.html,9.6,金水桥边,52209441,le
http://www.le.com/tv/10021318.html,9.0,荒原精彩全搜罗,2733156,le
http://www.le.com/tv/10020648.html,8.0,父亲的身份,365535880,le
http://www.le.com/tv/10019518.html,8.9,绝命卦师,233006417,le
http://www.le.com/tv/10011988.html,9.0,山海经之赤影传说,394053409,le
http://www.le.com/tv/10019704.html,9.0,山海经之赤影传说未删减版,30083518,le
http://www.le.com/tv/10021289.html,9.6,一马换三羊,21679640,le
http://www.le.com/tv/10021037.html,,头号前妻,188800457,le
http://www.le.com/tv/10019180.html,,欢乐颂,2021456563,le
http://www.le.com/tv/10010744.html,8.0,荒原第一季,149161011,le
http://www.le.com/tv/10021142.html,7.5,殊死七日,52133574,le
http://www.le.com/tv/10021395.html,8.0,离亲叛众,257550,le
http://www.le.com/tv/10006123.html,8.1,妖女迷行第五季,23700145,le
http://www.le.com/tv/10003529.html,7.8,复仇第四季,8739216,le
http://www.le.com/tv/10006010.html,8.6,大话美剧,1895503,le
http://www.le.com/tv/10004630.html,8.9,透明人生第一季,2168256,le
http://www.le.com/tv/10003527.html,8.6,犯罪心理第十季,17682018,le
http://www.le.com/tv/10003526.html,7.8,亡者归来第二季,4085822,le
http://www.le.com/tv/10003019.html,7.6,逍遥医生第一季,15433608,le
http://www.le.com/tv/10000586.html,7.0,爱的激荡,29413112,le
http://www.le.com/tv/93963.html,9.5,废柴联盟第五季,5613329,le
http://www.le.com/tv/93006.html,7.0,沙煲肉骨茶,636071,le
http://www.le.com/tv/92318.html,8.0,夜班医生第一季,29375947,le
http://www.le.com/tv/96125.html,9.2,纸牌屋第二季（片花版）,3596656,le
http://www.le.com/tv/10000396.html,8.8,24小时：再活一天,61764705,le
http://www.le.com/tv/96318.html,7.0,小宝和老财,155573547,le
http://www.le.com/tv/10004481.html,9.1,PMAM之美好侦探社,45668736,le
http://www.le.com/tv/10008330.html,6.5,领袖,5856245,le
http://www.le.com/tv/10011154.html,8.0,古剑奇谭特效重制版,17750612,le
http://www.le.com/tv/10010677.html,6.0,巍巍兴安岭,748689,le
http://www.le.com/tv/10010404.html,8.7,武媚娘传奇TVB版,5348803,le
http://www.le.com/tv/10006912.html,8.6,留学公寓2,3672897,le
http://www.le.com/tv/10001270.html,8.0,大河儿女未删减版,3038532,le
http://www.le.com/tv/10006811.html,7.1,盾神,18575437,le
http://www.le.com/tv/10005604.html,8.0,穿越火线未删减版,5385476,le
http://www.le.com/tv/10006690.html,8.2,红箭,34875734,le
http://www.le.com/tv/10006237.html,7.8,跟我回家,21392891,le
http://www.le.com/tv/10006161.html,8.6,因为爱情有奇缘未删减版,10691465,le
http://www.le.com/tv/10003420.html,8.1,因为爱情有奇迹未删减版,17818835,le
http://www.le.com/tv/10006599.html,8.5,洪流,12784887,le
http://www.le.com/tv/10006558.html,8.9,铁粉班会,843603,le
http://www.le.com/tv/10006324.html,8.2,我的同事都很2,1466371,le
http://www.le.com/tv/10020224.html,9.4,姐妹兄弟,74552950,le
http://www.le.com/tv/10019133.html,,潜伏在黎明之前,432306349,le
http://www.le.com/tv/10017013.html,8.0,苏染染追夫记,352790879,le
http://www.le.com/tv/10017574.html,8.8,狼厅第一季,7767689,le
http://www.le.com/tv/10018597.html,9.8,神秘博士第八季,18871765,le
http://www.le.com/tv/10021397.html,9.0,平凡的谎言,306591,le
http://www.le.com/tv/10020781.html,8.0,呼叫助产士第四季,832404,le
http://www.le.com/tv/10020755.html,8.0,冲破囚笼,1878366,le
http://www.le.com/tv/10003313.html,9.0,女医明妃传,1441447853,le
http://www.le.com/tv/10017961.html,7.0,过境者,655036,le
http://www.le.com/tv/10017573.html,8.8,英伦魔法师,7199971,le
http://www.le.com/tv/10019990.html,9.0,误打误撞第一季,4947210,le
http://www.le.com/tv/10017618.html,9.0,极品模王,421217370,le
http://www.le.com/tv/10013249.html,9.9,碧血书香梦,401742157,le
http://www.le.com/tv/10020550.html,9.0,女人不容易,38923358,le
http://www.le.com/tv/10019651.html,9.0,守婚如玉,156173393,le
http://www.le.com/tv/10019959.html,9.0,小镇大法官,36298415,le
http://www.le.com/tv/10020076.html,9.8,铁血战狼,122607806,le
http://www.le.com/tv/10009472.html,8.8,猎人,950577195,le
http://www.le.com/tv/10019981.html,8.0,蚂蚱,34417949,le
http://www.le.com/tv/10018080.html,9.0,爱人的谎言,1898205577,le
http://www.le.com/tv/10017261.html,9.0,睡在我上铺的兄弟,672839631,le
http://www.le.com/tv/10020267.html,8.5,麻辣芳邻,26560671,le
http://www.le.com/tv/10019663.html,8.0,两个女人的战争,94920251,le
http://www.le.com/tv/10019647.html,9.0,我爱男保姆,152068996,le
http://www.le.com/tv/10019406.html,9.0,好运来临,25472387,le
http://www.le.com/tv/10019956.html,9.3,女人的天空,19068731,le
http://www.le.com/tv/10019146.html,,远得要命的爱情,162050386,le
http://www.le.com/tv/10018453.html,8.5,还是夫妻,81785752,le
http://www.le.com/tv/10012349.html,8.3,青丘狐传说,236455717,le
http://www.le.com/tv/10000660.html,8.3,我和我的他们,32296620,le
http://www.le.com/tv/10005744.html,7.9,养父的花样年华,36924607,le
http://www.le.com/tv/10005462.html,8.0,错婚,21144629,le
http://www.le.com/tv/10004917.html,8.8,我的特一营未删减版,5415247,le
http://www.le.com/tv/10005381.html,8.8,半路父子,49868534,le
http://www.le.com/tv/10003679.html,8.8,半路父子未删减版,23283570,le
http://www.le.com/tv/95275.html,8.0,兄弟，兄弟,40441786,le
http://www.le.com/tv/10004198.html,9.0,红色,44392064,le
http://www.le.com/tv/10003687.html,8.0,第三种幸福,18730378,le
http://www.le.com/tv/93008.html,8.0,幸福36计,62483444,le
http://www.le.com/tv/10004930.html,6.8,当家大掌柜未删减版,4031444,le
http://www.le.com/tv/10004885.html,6.8,当家大掌柜,4397666,le
http://www.le.com/tv/10004973.html,8.7,憨妻的都市日记,12228379,le
http://www.le.com/tv/10004919.html,8.0,势不两立,26719572,le
http://www.le.com/tv/10002320.html,6.5,夺命现场,9447125,le
http://www.le.com/tv/10004859.html,8.1,最爱你,7258641,le
http://www.le.com/tv/10004707.html,8.0,油菜花香,14654768,le
http://www.le.com/tv/10004195.html,8.8,我的特一营,192737396,le
http://www.le.com/tv/10004484.html,8.2,翠兰的爱情,14056743,le
http://www.le.com/tv/93823.html,8.0,婚姻料理,27924881,le
http://www.le.com/tv/10004142.html,9.2,舰在亚丁湾,17700921,le
http://www.le.com/tv/10003674.html,8.0,美妙的情缘,14873932,le
http://www.le.com/tv/92798.html,6.8,战火连天,53793583,le
http://www.le.com/tv/10003811.html,8.8,一见不钟情未删减版,10615262,le
http://www.le.com/tv/10000458.html,9.8,亿星club精彩花絮,1236069,le
http://www.le.com/tv/10001726.html,5.9,青春无极限,5314219,le
http://www.le.com/tv/10001542.html,8.0,开心边角料,53588489,le
http://www.le.com/tv/10001359.html,8.0,美丽谎言,30968708,le
http://www.le.com/tv/10001354.html,8.0,狙击部队,37953690,le
http://www.le.com/tv/10001293.html,8.0,代号九耳犬,29205181,le
http://www.le.com/tv/10019005.html,8.8,因为爱,20998436,le
http://www.le.com/tv/10008145.html,8.0,热血,72644908,le
http://www.le.com/tv/10018786.html,8.8,天伦,43897259,le
http://www.le.com/tv/10019994.html,9.0,误打误撞第二季,198727,le
http://www.le.com/tv/10019928.html,9.0,我的博士老公未删减版,1780588,le
http://www.le.com/tv/10017414.html,7.8,欢天喜地对亲家,20599678,le
http://www.le.com/tv/10018837.html,9.5,寂寞空庭春欲晚未删减版,17671892,le
http://www.le.com/tv/10009290.html,8.5,寂寞空庭春欲晚,905523632,le
http://www.le.com/tv/10017383.html,8.0,狐影,115336856,le
http://www.le.com/tv/10018452.html,8.0,青丘狐传说未删减版,22204198,le
http://www.le.com/tv/10018408.html,7.0,孩子回国了,75790195,le
http://www.le.com/tv/10018338.html,9.4,大年初一立春,51763982,le
http://www.le.com/tv/10008881.html,8.2,新萧十一郎,112356433,le
http://www.le.com/tv/10018253.html,8.5,《寂寞空庭春欲晚》郑爽小剧场,858306,le
http://www.le.com/tv/10017412.html,8.8,刀光枪影,71035570,le
http://www.le.com/tv/10017849.html,7.8,特种兵之霹雳火,261430100,le
http://www.le.com/tv/10011403.html,9.0,潜行者,127308261,le
http://www.le.com/tv/10013515.html,7.8,特种兵之霹雳火未删减版,73023308,le
http://www.le.com/tv/10004636.html,8.2,奶爸的爱情生活,29829912,le
http://www.le.com/tv/10017760.html,9.0,我的博士老公,41774602,le
http://www.le.com/tv/10000954.html,8.0,人是铁饭是钢,8101132,le
http://www.le.com/tv/10000655.html,8.1,反击,33712672,le
http://www.le.com/tv/10000435.html,7.8,青果巷,3262309,le
http://www.le.com/tv/10000337.html,8.0,江南四大才子 卫视版,13686410,le
http://www.le.com/tv/95917.html,7.2,家有儿女新传,30907280,le
http://www.le.com/tv/81772.html,8.9,娘心计,8721951,le
http://www.le.com/tv/81200.html,6.0,亲情保卫战,7638878,le
http://www.le.com/tv/10003852.html,8.0,用一生去爱你,26285287,le
http://www.le.com/tv/10003647.html,8.0,美妙的奇遇,94244974,le
http://www.le.com/tv/84520.html,8.0,战长沙,31505679,le
http://www.le.com/tv/10003574.html,8.8,一见不钟情,91327421,le
http://www.le.com/tv/10003747.html,8.0,当婆婆遇上妈之欢喜冤家,58033328,le
http://www.le.com/tv/10003500.html,7.8,收获的季节,198377460,le
http://www.le.com/tv/93099.html,7.0,约会专家,124614402,le
http://www.le.com/tv/10003760.html,7.0,二胎,27704074,le
http://www.le.com/tv/10003036.html,8.2,美国谍梦第二季,3379220,le
http://www.le.com/tv/10002202.html,8.0,产科医生,648456736,le
http://www.le.com/tv/10001544.html,8.0,爱情回来了,169486209,le
http://www.le.com/tv/82782.html,8.7,相爱十年未删减版,24035230,le
http://www.le.com/tv/10003309.html,7.8,追求幸福的日子,3585683,le
http://www.le.com/tv/10003290.html,8.0,爱情最美丽未删减版,13890651,le
http://www.le.com/tv/10003225.html,8.0,爱情回来了未删减版,16728509,le
http://www.le.com/tv/10003100.html,7.0,钟点工们,4179858,le
http://www.le.com/tv/93519.html,7.8,保卫孙子,8002123,le
http://www.le.com/tv/10003103.html,7.8,保卫孙子未删减版,6778177,le
http://www.le.com/tv/10003010.html,7.0,真爱遇到他,35849188,le
http://www.le.com/tv/10002996.html,7.8,真爱遇到他未删减版,13406141,le
http://www.le.com/tv/10002828.html,8.0,蒋劲夫小剧场,590090,le
http://www.le.com/tv/10002911.html,8.0,钟汉良原声小剧场,1461058,le
http://www.le.com/tv/93429.html,8.0,十送红军,15075175,le
http://www.le.com/tv/10013676.html,8.0,等你爱我,155229634,le
http://www.le.com/tv/10013678.html,7.5,小主起来嗨,116468930,le
http://www.le.com/tv/10012991.html,,第一伞兵队,104667576,le
http://www.le.com/tv/10014548.html,8.0,最后一战,183714244,le
http://www.le.com/tv/10010769.html,8.0,雪域雄鹰,936845332,le
http://www.le.com/tv/10006189.html,8.9,北上广不相信眼泪,508129316,le
http://www.le.com/tv/10013133.html,9.1,大猫儿追爱记,104734118,le
http://www.le.com/tv/10013528.html,,大好时光,298138085,le
http://www.le.com/tv/10007475.html,9.0,长大,309062197,le
http://www.le.com/tv/10009382.html,7.7,二婶,33031290,le
http://www.le.com/tv/10012351.html,8.1,鸳鸯佩,22344543,le
http://www.le.com/tv/10008522.html,7.5,大村官之放飞梦想,18123406,le
http://www.le.com/tv/92807.html,6.8,劫中劫,26679095,le
http://www.le.com/tv/10009494.html,7.8,闪亮茗天,90487040,le
http://www.le.com/tv/10010972.html,7.9,英雄祭,44252231,le
http://www.le.com/tv/10010931.html,7.6,仙侠剑,38928850,le
http://www.le.com/tv/10012352.html,8.5,刺蝶,36079938,le
http://www.le.com/tv/10011052.html,8.5,大舜,38224918,le
http://www.le.com/tv/10010049.html,,爱情不打烊,4754781,le
http://www.le.com/tv/10009308.html,8.5,孙老倔的幸福,50281360,le
http://www.le.com/tv/10010626.html,7.0,毕业歌,30196058,le
http://www.le.com/tv/10010773.html,7.0,英雄戟之影子战士,44273518,le
http://www.le.com/tv/10011238.html,8.1,太行山上,34336238,le
http://www.le.com/tv/10010517.html,8.0,东北抗日联军,19678192,le
http://www.le.com/tv/10009552.html,8.0,侯天明的梦,6369224,le
http://www.le.com/tv/10013242.html,8.0,谢谢你米兰,107190351,le
http://www.le.com/tv/10009456.html,9.5,朝内81号,49364828,le
http://www.le.com/tv/10010045.html,,香火,20498213,le
http://www.le.com/tv/10009747.html,,绝地刀锋,38588873,le
http://www.le.com/tv/10009984.html,7.0,怒放,23713057,le
http://www.le.com/tv/10003024.html,8.0,十月围城钟汉良小剧场,686618,le
http://www.le.com/tv/10002969.html,6.8,地火,37917157,le
http://www.le.com/tv/81835.html,7.8,嫁给爱情,14065055,le
http://www.le.com/tv/10002827.html,8.0,尼坤小剧场,1385927,le
http://www.le.com/tv/10001690.html,8.0,爱的多米诺,26996540,le
http://www.le.com/tv/10002867.html,8.0,九死一生,34493884,le
http://www.le.com/tv/10002507.html,8.0,我该怎么办,1662772,le
http://www.le.com/tv/10001509.html,8.0,一又二分之一的夏天未删减版,18980944,le
http://www.le.com/tv/10002779.html,8.0,一又二分之一的夏天,16609935,le
http://www.le.com/tv/10002059.html,8.0,幸福美丽绽放,33164007,le
http://www.le.com/tv/10001517.html,8.0,裸婚之后未删减版,3935954,le
http://www.le.com/tv/10001405.html,8.0,幸福爱人,95847627,le
http://www.le.com/tv/10002147.html,8.0,幸福爱人未删减版,9048628,le
http://www.le.com/tv/10001468.html,6.1,我在北京挺好的,12689552,le
http://www.le.com/tv/92997.html,8.0,金战,19528965,le
http://www.le.com/tv/76114.html,8.0,美人如画,23805516,le
http://www.le.com/tv/10001463.html,8.0,宝贝儿回家,7188650,le
http://www.le.com/tv/10002030.html,8.0,美人如画未删减版,15129386,le
http://www.le.com/tv/95276.html,8.0,加油爱人未删减版,13865005,le
http://www.le.com/tv/78879.html,7.6,亲爱的,12429378,le
http://www.le.com/tv/10002055.html,8.0,婚里婚外那些事,13313219,le
http://www.le.com/tv/10001947.html,7.0,密使2之江都谍影,25151039,le
http://www.le.com/tv/10001694.html,8.0,拯救—戒毒所日记,3007369,le
http://www.le.com/tv/93565.html,6.5,虎刺红,67350616,le
http://www.le.com/tv/10001432.html,8.0,铁血独立营,32791785,le
http://www.le.com/tv/10001427.html,8.0,如果我爱你,109119240,le
http://www.le.com/tv/10001442.html,8.0,七年之痒,20240464,le
http://www.le.com/tv/10001645.html,7.2,我的左手右手,7569248,le
http://www.le.com/tv/10001444.html,8.0,人见人爱,33723436,le
http://www.le.com/tv/10001302.html,9.1,步步惊情未删减版,18004586,le
http://www.le.com/tv/10010026.html,8.0,茗天闪亮,3608625,le
http://www.le.com/tv/10010763.html,7.0,小爸妈未删减版,15614980,le
http://www.le.com/tv/10009127.html,8.2,爱的秘笈,22197489,le
http://www.le.com/tv/10010343.html,,特别使命,9547860,le
http://www.le.com/tv/10008010.html,8.0,光影,52774632,le
http://www.le.com/tv/93200.html,8.0,错伏,36542011,le
http://www.le.com/tv/10001898.html,7.0,特工卡特第一季,25122477,le
http://www.le.com/tv/10009397.html,8.3,空巢姥爷,23821736,le
http://www.le.com/tv/85184.html,9.0,海上孟府,52503160,le
http://www.le.com/tv/93021.html,8.0,淑女之家,31645423,le
http://www.le.com/tv/10012908.html,8.8,卧底,70677358,le
http://www.le.com/tv/10009098.html,8.0,铁甲舰上的男人们,10316464,le
http://www.le.com/tv/10001601.html,8.0,妈妈向前冲,65878713,le
http://www.le.com/tv/10000658.html,8.2,异镇,49049636,le
http://www.le.com/tv/10011597.html,8.3,我的媳妇是女王,60211384,le
http://www.le.com/tv/10009553.html,9.0,烧脑,9960285,le
http://www.le.com/tv/10008309.html,9.3,铁在烧,94461105,le
http://www.le.com/tv/10008761.html,8.0,我的二哥二嫂,76827157,le
http://www.le.com/tv/10007524.html,8.2,东江英雄刘黑仔,60435245,le
http://www.le.com/tv/10009353.html,7.5,婚姻时差,61681783,le
http://www.le.com/tv/10009672.html,8.1,后海不是海,69659096,le
http://www.le.com/tv/10010992.html,,绝命追踪,32554538,le
http://www.le.com/tv/92964.html,8.0,双生花,55445574,le
http://www.le.com/tv/10008974.html,8.1,生死连,77462547,le
http://www.le.com/tv/10007613.html,7.2,大刀记,83360809,le
http://www.le.com/tv/10000745.html,7.0,大河儿女,47300645,le
http://www.le.com/tv/10008616.html,8.3,铁核桃,66700705,le
http://www.le.com/tv/10001141.html,7.9,大村官,25789491,le
http://www.le.com/tv/10005540.html,9.0,待嫁老爸,80287023,le
http://www.le.com/tv/10001136.html,8.0,黄金背后,16631055,le
http://www.le.com/tv/10006013.html,8.0,离婚协议,14276299,le
http://www.le.com/tv/10000616.html,9.2,隋唐英雄4 卫视版,161003813,le
http://www.le.com/tv/10014507.html,9.0,天才在左疯子在右,228480207,le
http://www.le.com/tv/94460.html,7.5,隋唐英雄4 未删减版,14033213,le
http://www.le.com/tv/10008863.html,8.0,我为儿孙当北漂,94414926,le
http://www.le.com/tv/93191.html,8.0,妻子的秘密,130148147,le
http://www.le.com/tv/10000476.html,8.0,家宴,8601497,le
http://www.le.com/tv/10000478.html,8.0,妻子的秘密 未删减版,52870399,le
http://www.le.com/tv/96451.html,7.8,返城年代,6534372,le
http://www.le.com/tv/96233.html,7.0,其实我很在乎你,6528412,le
http://www.le.com/tv/93499.html,7.0,无贼,44605252,le
http://www.le.com/tv/10008852.html,8.0,草帽警察未删减版,8352104,le
http://www.le.com/tv/10003423.html,8.0,天使的城,99741777,le
http://www.le.com/tv/10014652.html,8.5,芈月笑传,64401188,le
http://www.le.com/tv/10010771.html,7.0,春江英雄之秀才遇到兵,144820348,le
http://www.le.com/tv/10011915.html,7.0,左手劈刀,102305681,le
http://www.le.com/tv/10010134.html,9.5,爸爸父亲爹,84861675,le
http://www.le.com/tv/10010235.html,8.5,福根进城,112378086,le
http://www.le.com/tv/10009311.html,8.0,我的抗战之铁血轻奇兵,16746808,le
http://www.le.com/tv/10009292.html,8.0,坐88路车回家,18582993,le
http://www.le.com/tv/10007611.html,8.1,别叫我兄弟,67355573,le
http://www.le.com/tv/10002961.html,9.0,剧场,11317281,le
http://www.le.com/tv/10008665.html,8.9,少年四大名捕未删减版,140865044,le
http://www.le.com/tv/10009366.html,,聊斋新编,122875939,le
http://www.le.com/tv/10010707.html,,最佳前男友,288204969,le
http://www.le.com/tv/10004596.html,8.6,刑警队长,137696900,le
http://www.le.com/tv/10009711.html,8.0,国产大英雄,18538620,le
http://www.le.com/tv/10008942.html,9.2,我的老师是传奇,297840787,le
http://www.le.com/tv/10011477.html,9.0,克拉之恋,15064856,le
http://www.le.com/tv/10002351.html,8.0,活色生香未删减版,239791057,le
http://www.le.com/tv/10017122.html,,戴流苏耳环的少女,86419426,le
http://www.le.com/tv/10014978.html,8.8,芈月传独家幕后花絮,950519434,le
http://www.le.com/tv/10014649.html,8.5,极速看懂芈月传,122854980,le
http://www.le.com/tv/10008919.html,8.9,虎妈猫爸,698565977,le
http://www.le.com/tv/10006022.html,9.0,何以笙箫默,978140581,le
http://www.le.com/tv/10009118.html,6.9,陆琪广告喵,31841261,le
http://www.le.com/tv/10013141.html,8.2,历史永远铭记,3484717,le
http://www.le.com/tv/10008639.html,8.0,泪洒女人花,24784049,le
http://www.le.com/tv/94325.html,8.0,爸爸快长大,71792518,le
http://www.le.com/tv/10008386.html,7.5,隋唐英雄之薛刚反唐,87475920,le
http://www.le.com/tv/10002960.html,6.0,邻居也疯狂,34775888,le
http://www.le.com/tv/10016045.html,9.0,温州两家人,31761552,le
http://www.le.com/tv/10008376.html,9.0,甄嬛传之鸾凤还巢,126522683,le
http://www.le.com/tv/10002421.html,8.0,锦绣缘华丽冒险,296681145,le
http://www.le.com/tv/10008226.html,8.5,活色生香,379613216,le
http://www.le.com/tv/10008495.html,7.0,信访局长,2528166,le
http://www.le.com/tv/10008853.html,7.5,暖男的爱情与战争,7850523,le
http://www.le.com/tv/92961.html,8.0,新京华烟云,16855235,le
http://www.le.com/tv/10008247.html,8.5,隋唐英雄之薛刚反唐未删减版,52849052,le
http://www.le.com/tv/10008615.html,8.3,九星天辰诀,23511780,le
http://www.le.com/tv/84519.html,8.5,出关,15373114,le
http://www.le.com/tv/10008496.html,7.5,不能没有家,18521315,le
http://www.le.com/tv/10008147.html,8.0,猎魔,25377548,le
http://www.le.com/tv/10008512.html,8.0,如果爱可以重来,18629128,le
http://www.le.com/tv/10004216.html,8.2,兵变1929,21514537,le
http://www.le.com/tv/10008936.html,8.5,猜拳,20520971,le
http://www.le.com/tv/10008103.html,8.0,杀寇决,41677108,le
http://www.le.com/tv/10007912.html,8.0,当人心遇上仁心,22351686,le
http://www.le.com/tv/10008209.html,6.5,我们家的微幸福生活,19629959,le
http://www.le.com/tv/10008166.html,8.5,天和贴吧,5343884,le
http://www.le.com/tv/10008534.html,8.5,别让我看见,24058491,le
http://www.le.com/tv/10008720.html,8.5,麻雀春天,30777476,le
http://www.le.com/tv/10008703.html,7.5,突围突围,28670489,le
http://www.le.com/tv/10008999.html,8.0,边关烽火情,26645997,le
http://www.le.com/tv/96408.html,6.5,嘿！真不是闹着玩的,36856767,le
http://www.le.com/tv/10008153.html,9.1,何以笙箫默精华版,5393488,le
http://www.le.com/tv/10002959.html,8.0,末代皇帝传奇,21057174,le
http://www.le.com/tv/10007607.html,7.5,寒冬,46770209,le
http://www.le.com/tv/10008711.html,8.9,张震讲故事,38456952,le
http://www.le.com/tv/10008822.html,8.0,婆媳的战国时代,49995900,le
http://www.le.com/tv/10008170.html,8.0,战魂,53311134,le
http://www.le.com/tv/10005297.html,8.7,劲舞青春,89269702,le
http://www.le.com/tv/10010551.html,8.0,来自未来的史密特,143084160,le
http://www.le.com/tv/10003306.html,8.5,敢爱,64997918,le
http://www.le.com/tv/10010689.html,7.0,神机妙算刘伯温未删减版,39841941,le
http://www.le.com/tv/10009328.html,7.5,爱你一生,13096714,le
http://www.le.com/tv/10010767.html,8.3,大道通天,9138294,le
http://www.le.com/tv/10008321.html,8.9,石敢当之雄峙天东,145685938,le
http://www.le.com/tv/10007608.html,8.4,天生要完美,129996126,le
http://www.le.com/tv/10004666.html,8.6,医馆笑传,671835163,le
http://www.le.com/tv/10003536.html,8.5,摩登家庭第六季,34565334,le
http://www.le.com/tv/10009986.html,8.0,配角逆袭事务所,17061391,le
http://www.le.com/tv/10010200.html,8.0,乱入乾坤,7144033,le
http://www.le.com/tv/10007587.html,8.9,废柴联盟第六季,1543380,le
http://www.le.com/tv/10009806.html,8.5,多面男神刘恺威,10846342,le
http://www.le.com/tv/10009805.html,8.5,刘恺威天天见,5415035,le
http://www.le.com/tv/10011514.html,7.6,仙侠剑未删减版,6569088,le
http://www.le.com/tv/10010268.html,,天眼,1192163,le
http://www.le.com/tv/10011255.html,9.9,神犬小七未删减版,6034371,le
http://www.le.com/tv/10010155.html,9.9,神犬小七,194815475,le
http://www.le.com/tv/10012091.html,8.0,太行山上央视版,5095792,le
http://www.le.com/tv/10010831.html,7.0,音乐CLUB,327875,le
http://www.le.com/tv/10010205.html,9.8,冰与火的青春,243066308,le
http://www.le.com/tv/10010686.html,8.0,马天宇712生日快乐,162318,le
http://www.le.com/tv/10010258.html,7.9,生死兄弟情,6185240,le
http://www.le.com/tv/10010453.html,8.2,微晓的祝福,555246,le
http://www.le.com/tv/10006977.html,7.9,两生花,302139088,le
http://www.le.com/tv/10009713.html,7.0,吃货复仇者联盟,400531,le
http://www.le.com/tv/10009337.html,8.5,烽火英雄传未删减版,43284536,le
http://www.le.com/tv/10009396.html,7.8,大江东去,7248259,le
http://www.le.com/tv/10009498.html,7.5,傲魂之活死人,15513096,le
http://www.le.com/tv/10001976.html,8.7,婚前协议,22539672,le
http://www.le.com/tv/10009312.html,7.0,出关 完整版,7786951,le
http://www.le.com/tv/10008806.html,8.3,锦绣缘华丽冒险未删减版,24123752,le
http://www.le.com/tv/75184.html,7.5,身边的幸福,15788348,le
