actors2,百度贴吧粉丝数
杨立新,
何明翰,
张博,
左小青,
任程伟,
张再新 ,
陈乔恩,
张晓龙,
徐洪浩,
贾乃亮,
靳东,
经超,
何润东,
汪东城 ,
郑爽,
杨洋,
林子闳,
雷佳音,
赵丽颖,
杜淳,
陈妍希,
刘恺威,
李晨,
佟大为,
郑恺,
李倩,
范明,
林永健,
秋瓷炫,
刘恩佑,
戴娇倩,
王丽坤,
陈龙,
袁咏仪,
张歆艺,
马伊琍,
于明加,
朱梓骁,
任重,
袁弘,
黄磊,
刘涛,
张博,
黄轩,
莫小棋,
霍思燕,
张萌,
冯国强,
张定涵,
吴佩柔,
林心如,
黄志忠,
王超,
李立群,
陈烨,
巩峥,
李菁菁,
刘钧 ,
陆毅,
佟大为,
白卉子,
柯蓝,
于震,
冯海煜,
刘德凯,
罗海琼,
刘威葳,
娄艺潇,
沈傲君,
张立,
胡亚捷,
佟丽娅,
叶璇,
高露,
周丽淇,
王力可,
李佳航,
王传君,
蒋欣,
赵久毅,
李梓溪,
海清,
颜丙燕,
戴向宇,
张芷溪,
陶昕然,
曹曦文,
吴卓羲,
苗圃,
陈洁,
陶虹,
张晓龙,
李依晓,
潘之琳,
唐曾,
江疏影,
黄宗泽,
吴婷,
刘小锋,
奇道,
赵毅,
颜丙燕,
朱茵,
韩雪,
秦子越,
苗圃,
黄维德,
唐禹哲,
翁虹,
樊少皇,
侯梦莎,
刘佳,
余少群,
李曼,
王洛勇,
刘金龙,
朱宏嘉,
梅丽古丽·艾买提,
冯丹滢,
李易峰,
闫妮,
颖儿,
郭碧婷,
海陆,
高云翔,
何晟铭,
唐嫣,
涂松岩,
祖峰,
王丽坤,
王耀庆,
杨紫,
杜淳,
李东学,
罗嘉良,
郑智薰,
王雷,
张雯,
刘涛,
江珊,
翟天临,
苗圃,
黑子,
万茜,
刘莉莉,
王丽云,
崔始源,
张译,
潘雨辰,
公磊,
安以轩,
陈昊 ,
李依晓 ,
申军谊,
贾青,
苏青,
车永莉,
林永健,
刘庭羽 ,
甘婷婷 ,
陶泽如 ,
秋瓷炫,
富大龙,
王志飞 ,
曹磊 ,
郝蕾,
倪大红,
韩丹彤,
雷佳音,
苗圃,
朱泳腾,
淳于珊珊 ,
王骏毅 ,
郭晓东,
贺刚,
张明健,
闫学晶,
蒋毅,
王晓晨,
余少群,
刘恺威,
涂松岩 ,
张静静,
袁弘,
黄少祺,
朱刚日尧,
郑恺,
毕彦君,
柴碧云,
袁志博,
程愫,
彭于晏,
金世佳,
刘流,
姚芊羽,
曾泳醍 ,
李曼,
罗海琼,
蒋梦婕,
娜仁花,
杜源,
吕清超,
何晟铭,
吴秀波,
斓曦,
童瑶,
贾青,
李康宜,
翟天临,
章婷婷,
郭珍霓,
解惠清,
蔡文静,
陈紫函,
杨旸,
董维嘉,
王新军,
陈洁,
贾青,
刘思彤,
何琳,
高露,
秋瓷炫,
朱梓骁,
朱泳腾,
覃文静,
宋佳伦,
姜寒,
古巨基,
张一鸾,
李立群,
陈瑾,
俞飞鸿,
董琦,
唐国强,
李晓峰,
郭广平,
刘劲,
穆婷婷,
林允儿,
俞飞鸿,
王洋,
马可,
周冬雨,
张歆艺,
王凯,
程砚秋,
孙怡,
贾乃亮,
安悦溪,
文咏珊,
娜扎,
宋茜,
霍建华,
张檬,
孙艺洲,
江疏影,
杨洋,
邓家佳,
祖峰,
陈紫函,
左小青,
贾乃亮,
郑爽,
张晓龙,
胡军,
蒋欣,
郑恺,
侯梦莎,
张凯丽,
陆毅,
李小冉,
陈妍希,
甘婷婷,
高鑫,
李小冉,
徐翠翠,
李晨,
倪大红,
于清斌,
许龄月,
袁弘,
何冰,
郑昊,
王凯,
凌潇肃,
黄觉,
姜宏波,
左小青,
贾乃亮,
杜志国,
刘小锋,
徐佳,
徐僧,
,
李立群,
朱锐,
朱泳腾,
倪景阳,
许亚军,
张恒  ,
原雨,
归亚蕾,
周一围,
巩峥,
涂松岩,
赵君,
黄觉,
江疏影,
陈瑶,
李佳航,
赵丽颖,
严屹宽,
曾泳醍,
闫妮,
韩栋,
车晓,
翟天临,
黄小蕾,
袁姗姗,
刘希媛,
甘露,
张雯,
戴娇情,
张俪,
陶慧,
李卓霖,
田璐菡,
安以轩,
景岗山,
田雷,
江铠同,
刘晓洁,
迟嘉,
李宗翰,
王珂,
徐佳,
杨紫,
宋小宝,
吕佳容,
杨舒,
李健,
王梓桐,
李菲儿,
于波,
高鑫,
姜妍,
郭涛,
赵倩,
于震,
郭广平,
黄轩,
颖儿,
刘涛,
欧阳娜娜,
蒋劲夫,
古力娜扎,
程愫,
王耀庆,
马晓伟,
袁弘,
黄曼,
关晓彤,
王晓晨,
海清,
高艺涵,
马天宇,
李雪健,
练束梅,
柯蓝,
王挺,
李小冉,
马伊琍,
张桐,
罗晋,
李菁菁,
梁静,
焦俊艳,
张国强,
邵峰,
高梓淇,
张俪,
孙逊,
徐百卉,
潘粤明,
张译,
左小青,
沈航,
阎汶宣,
高曙光,
赵子惠,
许亚军,
于明加,
关晓彤 ,
李健,
杨烁,
徐百卉,
范雷,
于明加,
杜淳,
赵子琪,
吕一,
高亚麟,
吴卓羲,
严屹宽,
于震,
曹云金,
凌潇肃,
韩栋,
刘涛,
王力可,
Pong,
言承旭,
李幼斌 ,
何杜娟,
朱泳腾,
杜江,
邓家佳,
雷佳音,
张佳宁,
白永成,
辛柏青,
吕行,
史光辉,
李梅可,
刘晓洁,
于震,
刘雪华,
许绍洋,
唐艺昕,
乔乔,
吕一,
马德钟,
吴其江,
迪丽热巴,
代文雯,
白客,
弦子,
艾晓琪,
莫熙儿,
谢孟伟,
郝劭文,
孙艺洲,
王子清,
付枚,
苗野,
玛蒂娜·希尔,
黄璐璐,
徐悦,
郑业成,
甘露,
曹曦月,
高宇,
苗韵桐,
蒋方婷,
刘智扬,
袁咏仪,
陈翔,
周游,
刘倬廷,
盛一伦,
修睿,
黄政浩,
孔祥月,
胡可,
袁冰妍,
涂黎曼,
杨子祯 ,
张沐莀,
高广泽,
陈丽玲,
应昊茗,
孔祥月,
孙玮伦,
梁婧娴,
井柏然,
小灿,
张玮玮,
金晨,
张本煜 ,
,
陈奕,
王青,
刘以豪,
黄涛,
葛布,
陈蓉,
孙坚,
马思纯,
王若涵,
胡洁琼,
应采儿,
蔡紫,
孔祥月,
王子清,
马歌,
邵桐,
韩承羽,
陈雅婷,
娄艺潇,
张彬彬,
张哲瀚,
乔永妍,
陈世妍,
申航宇,
衣云鹤,
岳云鹏,
王兵,
高鑫,
刘耀飞,
杨爱瑾,
石泰铭 ,
孔庆冰,
赵婧伊,
,
张墨锡,
陈慕,
赵正平,
林采缇,
于小源,
张词,
刘庚如,
陈雅斓,
曹然然,
宫哲,
宋海颉,
李毓芬,
,
王佳宇,
傅颖,
亓航 ,
胡纪华,
沈炯美 ,
赵泳鑫 ,
许超,
赵寿俊,
徐乐同,
马璐,
庄洁梦,
许媛媛,
陈昊明,
廖京生,
金夏慧子,
谷悦宁,
英豪,
王宏洋,
王洁(王洁儿),
韦娜 ,
陈圆,
徐奥 ,
汪小壹,
刘世福,
高昊,
李颖,
,
张檬,
贺树峰,
小沈阳,
金浩,
杜天皓,
孟阿赛,
游游,
袁弘,
林珠银,
纳瓦·君拉纳拉,
金泰焕,
张本煜,
肖旭,
王源,
潘斌龙,
艾晓琪,
韩志硕,
吴优,
张天爱,
吴优,
贾青,
王传君,
赵顺然,
许晓诺,
郑合惠子,
应岱臻,
焦俊艳,
张翰,
连晨翔,
孙宝珠,
霍云龙,
王信然,
宋芸桦,
合文俊,
王玉雯,
王姿允,
焦俊艳,
贾玲,
唐艺昕,
王秋紫,
白宇,
宋妍霏,
刘智扬,
李思阳,
陈若轩,
苏诗丁,
刘馨棋,
李纯,
姜潮,
刘波,
朱雀橙,
王瑞子,
陈乔恩,
郑合惠子,
罗仲谦,
陈欣,
任言恺,
关晓彤,
许魏洲,
大张伟,
方逸伦,
王星,
姜涛,
李燃,
何恋慈,
吴昊泽,
黄月,
弦子,
王彦彬,
汪晴,
刘语乔,
梅洋,
杀漠,
维妮,
刘娜萍,
谭松韵,
卢蒽洁,
代文雯,
韩野,
方安娜,
张哲瀚,
程砚秋,
王奕晗,
于芷晴,
修睿,
黑小土,
刘妙,
魏峰,
许梦圆,
罗弘证,
瓜尔佳泽,
邢菲,
林晨,
金英光,
张艺兴,
朱柏杨 ,
王源,
崔成国,
赵文琪,
蔡文静,
褚旭,
赵丽颖,
黄一琳,
房飞霖,
袁中方,
"张予曦
",
夏磊,
黄一琳,
姜超,
徐洪浩,
顾又铭,
张娜,
黄一琳,
蒋梓乐 ,
汪佳佳,
张晨,
刘洋,
代文雯,
"孙隽圣
",
衣妍婷,
陈奕,
刘冬沁,
袁祎一,
周芷莹,
王子文,
乔任梁,
王路晴,
奚望,
"王子文
",
黄璐璐,
白宇,
文竹,
"常曦元
",
金晨,
王泷正,
杨蓉,
李彧,
成毅,
白宇,
至尊玉,
韩志硕,
,
辰星雨,
郑丹丹,
阚清子,
阿丽亚,
舒畅,
周觅,
李纯 ,
董维嘉,
连晨翔,
宋芸桦,
高伟峰,
孙晟昊,
戴路,
宋昊泽 ,
小沈阳,
黄兆函,
张小斐,
,
何建泽,
左佳妮,
刘芷含,
徐娅,
徐汶萱,
柳岩,
"孙越 
",
金士城,
韩雪,
袁烁程 ,
柳文轩,
果静林,
李秉乔,
牛犇,
马睿泽,
王静薇,
沈殿霞,
邹杨,
顾人麒,
邵琪,
筱雨,
班嘉佳,
韩妤儿,
王子帅 ,
,
陈楚洹 ,
谷悦宁,
荣梓希,
吕太良,
裘斯,
王玥然,
冯建,
黎源,
"魏大勋
",
迪丽热巴,
朱梓骁,
林丹妮,
张潇恒,
江语晨,
刘威,
胡宇威,
李彧,
李晟,
孙怡,
