domain,link,play_count,name,score
sohu,http://tv.sohu.com/item/MTIwODI1Ng==.html,82392,特工皇妃楚乔传,
sohu,http://tv.sohu.com/item/MTIwODY3Nw==.html,26545,剃刀边缘,
sohu,http://tv.sohu.com/item/MTIwMjc5Nw==.html,86947165,卧底（卫视版）,7.0
sohu,http://tv.sohu.com/item/MTIwODE3Mg==.html,41512847,绝命后卫师,8.0
sohu,http://tv.sohu.com/item/MTE5MjcyMA==.html,100257011,泪洒女人花,7.0
sohu,http://tv.sohu.com/item/MTIwODU5MQ==.html,41729093,学渣少年,6.0
sohu,http://tv.sohu.com/item/MTE5OTA5Nw==.html,39907859,猜拳,9.0
sohu,http://tv.sohu.com/item/MTIwODE5Ng==.html,39957,凤凰无双,
sohu,http://tv.sohu.com/item/MTIwMzI3OQ==.html,168049,白鹿原,
sohu,http://tv.sohu.com/item/MTIwODE1MA==.html,13407,远大前程,
sohu,http://tv.sohu.com/item/MTIwNjYwNg==.html,26962,女管家,
sohu,http://tv.sohu.com/item/MTIwMDMyNw==.html,23521,转身遇到你,
sohu,http://tv.sohu.com/item/MTIwNTA2MQ==.html,103665,重返20岁,
sohu,http://tv.sohu.com/item/MTIwMzkwNA==.html,225039,新版飞刀又见飞刀,
sohu,http://tv.sohu.com/item/MTIwMzM1OQ==.html,273258,决战江桥,
sohu,http://tv.sohu.com/item/MTIwNTExNQ==.html,23940,领养,
sohu,http://tv.sohu.com/item/MTIwMjY5Mg==.html,29379,大话红娘,
sohu,http://tv.sohu.com/item/MTE5Njc5Mw==.html,186315,茧镇奇缘,
sohu,http://tv.sohu.com/item/MTE5Njc4Mw==.html,80105,大波,
sohu,http://tv.sohu.com/item/MTIwMjg1Mw==.html,23846,明星兄弟,
sohu,http://tv.sohu.com/item/MTE5NDkwNg==.html,73091,半为苍生半美人,
sohu,http://tv.sohu.com/item/MTE5OTczMA==.html,288293,奶爸当家,
sohu,http://tv.sohu.com/item/MTE5OTc0OQ==.html,31912,好想有个家,
sohu,http://tv.sohu.com/item/MTE5NzAxMg==.html,766127,实习生,
sohu,http://tv.sohu.com/item/MTE5OTczOQ==.html,71307,乌鸦嘴妙女郎,
sohu,http://tv.sohu.com/item/MTE5ODY2MA==.html,39570,战火红颜,
sohu,http://tv.sohu.com/item/MTIwMjcwOQ==.html,35778,恋恋阙歌,
sohu,http://tv.sohu.com/item/MTE5ODk4NQ==.html,50094,战鼓擂,
sohu,http://tv.sohu.com/item/MTE5OTA5OA==.html,63561,决胜,
sohu,http://tv.sohu.com/item/MTE5OTY4OQ==.html,61219,爱无痕,
sohu,http://tv.sohu.com/item/MTE5ODU5OQ==.html,303565,如果爱可以重来（卫视版）,
sohu,http://tv.sohu.com/item/MTIwMjk0Nw==.html,40274,怒海红尘,
sohu,http://tv.sohu.com/item/MTE5ODA3Mg==.html,287516,月供,
sohu,http://tv.sohu.com/item/MTIwMDA3OA==.html,244103,封神,
sohu,http://tv.sohu.com/item/MTE5NzQ2NQ==.html,133261,男人帮·朋友,
sohu,http://tv.sohu.com/item/MTE5ODc5MQ==.html,103683,大玉儿传奇,
sohu,http://tv.sohu.com/item/MTIwMDA1NA==.html,11392413,学堂故事,6.0
sohu,http://tv.sohu.com/item/MTE5Nzg2NQ==.html,107266,历史的使命,
sohu,http://tv.sohu.com/item/MTIwMjc4Mw==.html,73695,胜算,
sohu,http://tv.sohu.com/item/MTIwMjUyNg==.html,9056415,红色青橄榄（卫视版）,6.0
sohu,http://tv.sohu.com/item/MTIwNTU0Mg==.html,824639,青年旅社,9.0
sohu,http://tv.sohu.com/item/MTIwMzMwNQ==.html,151755,花开如梦,
sohu,http://tv.sohu.com/item/MTIwNjU5Ng==.html,8397,特勤精英,
sohu,http://tv.sohu.com/item/MTIwNTgwOQ==.html,12652,爱人同志,
sohu,http://tv.sohu.com/item/MTIwNDI3Mg==.html,95765,思美人,
sohu,http://tv.sohu.com/item/MTIwNjMxNQ==.html,20032,卧底归来,
sohu,http://tv.sohu.com/item/MTIwODUxMw==.html,21864,外科风云,
sohu,http://tv.sohu.com/item/MTIwNjk3Mw==.html,869554,美食奇缘,
sohu,http://tv.sohu.com/item/MTIwNjk3Mg==.html,20323,她很漂亮,
sohu,http://tv.sohu.com/item/MTIwNTk0OA==.html,4897,北京人在北京,
sohu,http://tv.sohu.com/item/MTIwNzIyMQ==.html,25734,龙珠传奇,
sohu,http://tv.sohu.com/item/MTIwNzUzOA==.html,19523,人民的名义,
sohu,http://tv.sohu.com/item/MTIwNDk3NA==.html,85312,九州·海上牧云记,
sohu,http://tv.sohu.com/item/MTIwNzI3Nw==.html,17436,你这么爱我，我可要当真了,
sohu,http://tv.sohu.com/item/MTIwOTExOA==.html,6431,合伙人,
sohu,http://tv.sohu.com/item/MTIwOTEwMw==.html,101906,非正常事件集,
sohu,http://tv.sohu.com/item/MTIwOTg3MA==.html,40965,朝歌,
sohu,http://tv.sohu.com/item/MTIwMzI2Ng==.html,44862,长梦留痕,
sohu,http://tv.sohu.com/item/MTIwMzI1OA==.html,78914,丝绸之路传奇,0.0
sohu,http://tv.sohu.com/item/MTIwMzc4MQ==.html,144364032,动漫英雄,9.0
sohu,http://tv.sohu.com/item/MTIwMzA3NQ==.html,476900,历史永远铭记,10.0
sohu,http://tv.sohu.com/item/MTE5OTcxMQ==.html,18271855,剧场,9.0
sohu,http://tv.sohu.com/item/MTE4ODU5OQ==.html,28364010,爱情不打烊,6.0
sohu,http://tv.sohu.com/item/MTIwMjgwNg==.html,150723,我叫刘传说,
sohu,http://tv.sohu.com/item/MTE5OTc4Mw==.html,9922599,茗天闪亮（卫视版）,8.0
sohu,http://tv.sohu.com/item/MTE5ODk0Ng==.html,24576760,暖男的爱情与战争,8.0
sohu,http://tv.sohu.com/item/MjAwMTUy.html,23972749,大道通天,7.0
sohu,http://tv.sohu.com/item/MTE5OTc4MA==.html,55719986,香火,6.0
sohu,http://tv.sohu.com/item/MTIwNDE0NQ==.html,422859,家国纪事,0.0
sohu,http://tv.sohu.com/item/MTAzMDAwMQ==.html,50873837,离婚协议,6.0
sohu,http://tv.sohu.com/item/MTIwMzc1Nw==.html,48051420,婚姻攻防战之爱要付出,5.0
sohu,http://tv.sohu.com/item/MTIwMzcyMA==.html,85435154,爱情碟中谍（卫视版）,7.0
sohu,http://tv.sohu.com/item/MTE5OTI2Mw==.html,20346911,伙伴夫妻,6.0
sohu,http://tv.sohu.com/item/MTIwMzc1OA==.html,34025296,私房钱,4.0
sohu,http://tv.sohu.com/item/MTE3NjU2Mw==.html,25424733,火线英雄,8.0
sohu,http://tv.sohu.com/item/MTE5NDY2Nw==.html,116857680,待嫁老爸,7.0
sohu,http://tv.sohu.com/item/MTE5OTc3Mg==.html,90556775,后海不是海,8.0
sohu,http://tv.sohu.com/item/MTEwMjAxMQ==.html,96758319,大舜,7.0
sohu,http://tv.sohu.com/item/MTIwMzg4MQ==.html,17134057,鄂尔多斯风暴,4.0
sohu,http://tv.sohu.com/item/MTIwMzI4Mw==.html,1272405,渔岛怒潮,0.0
sohu,http://tv.sohu.com/item/MTE5NzA4Ng==.html,62491394,末代皇帝传奇,7.0
sohu,http://tv.sohu.com/item/OTk3Mzk3.html,68389300,婚前协议,7.0
sohu,http://tv.sohu.com/item/MTIwMzEwMg==.html,15380262,白云飘飘的年代,7.0
sohu,http://tv.sohu.com/item/MTE5OTM1MA==.html,1064433,生死兄弟情,8.0
sohu,http://tv.sohu.com/item/MTIwMzMxMQ==.html,46536109,新济公活佛下部（卫视版）,8.0
sohu,http://tv.sohu.com/item/MTIwNDA3Mw==.html,11437692,爸爸是条龙,5.0
sohu,http://tv.sohu.com/item/MTIwNDYwOA==.html,108304,龙门镖局 第二季,
sohu,http://tv.sohu.com/item/MTIwNzY3OQ==.html,171823,择天记,
sohu,http://tv.sohu.com/item/MTIwNzE0OA==.html,68732,柜中美人,
sohu,http://tv.sohu.com/item/MTIwNDk5Mg==.html,20779,美人如玉剑如虹,
sohu,http://tv.sohu.com/item/MTIwNTU4Mg==.html,332662,头号前妻,
sohu,http://tv.sohu.com/item/MTIwNzQzNA==.html,134338,荣生茂风云,7.0
sohu,http://tv.sohu.com/item/MTIwNzgyNA==.html,124949,上海故事,0.0
sohu,http://tv.sohu.com/item/MTIwNTY2NA==.html,3319599,动漫英雄,9.0
sohu,http://tv.sohu.com/item/MTIwNTM0Nw==.html,17087509,我是你的百搭,8.0
sohu,http://tv.sohu.com/item/MTIwNzg2Nw==.html,320689,小雪,0.0
sohu,http://tv.sohu.com/item/MTIwODIwMA==.html,18658579,红星照耀中国（卫视版）,7.0
sohu,http://tv.sohu.com/item/MTE5OTE2MQ==.html,24187123,小镇大法官,8.0
sohu,http://tv.sohu.com/item/MTE5NzM5Mg==.html,49867451,我的博士老公,5.0
sohu,http://tv.sohu.com/item/MTIwNTY2Ng==.html,25684428,一马换三羊,7.0
sohu,http://tv.sohu.com/item/MTIwNzk3OA==.html,23746846,亲密的搭档,8.0
sohu,http://tv.sohu.com/item/MTA3NzYxOQ==.html,34899736,幸福满屋,9.0
sohu,http://tv.sohu.com/item/MTIwNjA1NA==.html,11575317,港媳嫁到,8.0
sohu,http://tv.sohu.com/item/MTIwNDczOA==.html,393388,还是夫妻,6.0
sohu,http://tv.sohu.com/item/MTIwNTI1Mw==.html,57687314,奇妙的时光之旅（卫视版）,9.0
sohu,http://tv.sohu.com/item/MTIwMzI4MA==.html,42116422,好运来临,6.0
sohu,http://tv.sohu.com/item/MTE5OTczNw==.html,17625981,爱的追踪,7.0
sohu,http://tv.sohu.com/item/MTIwNDkzMQ==.html,623506,龙门村的故事,0.0
sohu,http://tv.sohu.com/item/MTIwNzY5OA==.html,27018893,安居,9.0
sohu,http://tv.sohu.com/item/MTIwMjY4Nw==.html,9898291,我们的纯真年代,7.0
sohu,http://tv.sohu.com/item/MTA5ODgwMA==.html,15466346,匹夫英雄,6.0
sohu,http://tv.sohu.com/item/MTIwNTM1OQ==.html,42124944,女人不容易,7.0
sohu,http://tv.sohu.com/item/MTE5MTgxNQ==.html,49983129,你是我的眼,7.0
sohu,http://tv.sohu.com/item/MTIwNzQ2MA==.html,50426612,且行且珍惜,8.0
sohu,http://tv.sohu.com/item/MTE5OTE1NA==.html,20466558,亲情暖我心,7.0
sohu,http://tv.sohu.com/item/MTE5ODU5OA==.html,3947280,我爷爷与奶奶的故事,4.0
sohu,http://tv.sohu.com/item/MTE5NDY5NQ==.html,91119252,于无声处,8.0
sohu,http://tv.sohu.com/item/MTIwMzQ3Ng==.html,19674136,家和万事兴之花好月圆（卫视版）,8.0
sohu,http://tv.sohu.com/item/MTIwMjM3Ng==.html,42676738,绝命追踪,7.0
sohu,http://tv.sohu.com/item/MTE5OTM2NA==.html,44382070,坐88路车回家,8.0
sohu,http://tv.sohu.com/item/MTE5ODYyOQ==.html,4019129,壮丁也是兵,6.0
sohu,http://tv.sohu.com/item/MTE5OTM2MQ==.html,104830196,老婆大人是80后,6.0
sohu,http://tv.sohu.com/item/MTE5NDY3MA==.html,76264802,爸爸快长大,8.0
sohu,http://tv.sohu.com/item/MTIwMzMwNg==.html,49200368,钱塘传奇,7.0
sohu,http://tv.sohu.com/item/MTIwMDEwNw==.html,249703364,如果没有,8.0
sohu,http://tv.sohu.com/item/MTIwMzM2MQ==.html,52676530,岁月如金,8.0
sohu,http://tv.sohu.com/item/MTE5NzY5OQ==.html,76292268,急诊室故事,6.0
sohu,http://tv.sohu.com/item/MjIxODk4.html,141991172,别叫我兄弟,8.0
sohu,http://tv.sohu.com/item/MTEwMjc2NA==.html,78746425,鸳鸯佩,7.0
sohu,http://tv.sohu.com/item/MTE5OTA5Mw==.html,103282341,温州两家人,7.0
sohu,http://tv.sohu.com/item/MTE5OTk3NQ==.html,82000939,马上天下,9.0
sohu,http://tv.sohu.com/item/MTIwMzA4MA==.html,151877724,青春集结号（卫视版）,8.0
sohu,http://tv.sohu.com/item/MjIxOTk0.html,67265135,寒冬,9.0
sohu,http://tv.sohu.com/item/MTIwMjUxOA==.html,137754377,我的媳妇是女王,7.0
sohu,http://tv.sohu.com/item/MTIwNDExNQ==.html,66432282,我的铁血金戈梦,4.0
sohu,http://tv.sohu.com/item/MTE5OTM3MQ==.html,65779818,我的抗战之铁血轻奇兵,6.0
sohu,http://tv.sohu.com/item/MTE5NzQ5OQ==.html,113865510,王大花的革命生涯（未删减版）,8.0
sohu,http://tv.sohu.com/item/MTIwMjU0Nw==.html,3733810,太行山上（卫视版）,9.0
sohu,http://tv.sohu.com/item/MTIwMzU2Mw==.html,79319861,桃花运,7.0
sohu,http://tv.sohu.com/item/MTIwNDA0Nw==.html,76915985,花火,7.0
sohu,http://tv.sohu.com/item/MTIwMzAzMw==.html,938106,生死血符,10.0
sohu,http://tv.sohu.com/item/MTE5OTE2OA==.html,35324467,边关烽火情,7.0
sohu,http://tv.sohu.com/item/MTIwMzkyNg==.html,54725190,我是赵传奇,5.0
sohu,http://tv.sohu.com/item/MTE5ODQ3Mg==.html,709627,大村官之放飞梦想,6.0
sohu,http://tv.sohu.com/item/MTIwNzkzMQ==.html,31569388,映山红,6.0
sohu,http://tv.sohu.com/item/MTIwODE4Nw==.html,47910117,我是红军,8.0
sohu,http://tv.sohu.com/item/MTIwNzU2NQ==.html,55871015,女怕嫁错郎,6.0
sohu,http://tv.sohu.com/item/MTIwNTQ0NQ==.html,53399469,姐妹兄弟,7.0
sohu,http://tv.sohu.com/item/MTIwNjk5Ng==.html,103352940,结婚为什么,7.0
sohu,http://tv.sohu.com/item/MTIwNTA5Mg==.html,44028797,女人的天空,7.0
sohu,http://tv.sohu.com/item/MTIwNjI4Ng==.html,14588119,毛泽东三兄弟,8.0
sohu,http://tv.sohu.com/item/MTE5NzQ0OQ==.html,118713764,功夫婆媳,7.0
sohu,http://tv.sohu.com/item/MTIwNTY0MQ==.html,34205120,活法,7.0
sohu,http://tv.sohu.com/item/MTIwODIxNg==.html,38922883,骡子和金子,7.0
sohu,http://tv.sohu.com/item/MTE5OTA2Ng==.html,182199369,新萧十一郎,8.0
sohu,http://tv.sohu.com/item/MTIwNTUyMQ==.html,81425295,殊死七日,6.0
sohu,http://tv.sohu.com/item/MTIwNjc2OQ==.html,59224216,多少爱，可以重来,8.0
sohu,http://tv.sohu.com/item/MTIwNTE3OQ==.html,57279544,麻辣芳邻,7.0
sohu,http://tv.sohu.com/item/MTIwODQ1Ng==.html,28924098,国家底线,9.0
sohu,http://tv.sohu.com/item/MTIwNDg2Mg==.html,73637579,天伦,6.0
sohu,http://tv.sohu.com/item/MTE5Nzk1NA==.html,51151713,生命中的好日子,6.0
sohu,http://tv.sohu.com/item/MTIwNjM1NA==.html,102402482,东方战场（卫视版）,8.0
sohu,http://tv.sohu.com/item/MTIwNTAxNg==.html,166603445,两个女人的战争,6.0
sohu,http://tv.sohu.com/item/MTIwNTgyMQ==.html,74564504,爆笑先森,7.0
sohu,http://tv.sohu.com/item/MTIwNDMyNw==.html,155770539,示铃录,6.0
sohu,http://tv.sohu.com/item/MTIwODE3OA==.html,25139458,红色护卫,7.0
sohu,http://tv.sohu.com/item/MTEwMTU2Mw==.html,77965875,红色通道,7.0
sohu,http://tv.sohu.com/item/MTIwNjk3NQ==.html,86602087,大侠日天,6.0
sohu,http://tv.sohu.com/item/MTIwNTcwMg==.html,63870138,金水桥边,8.0
sohu,http://tv.sohu.com/item/MTIwMzMwOQ==.html,97778025,我和她的传奇情仇,6.0
sohu,http://tv.sohu.com/item/MTIwNjk1NQ==.html,58189156,酸甜苦辣小夫妻,7.0
sohu,http://tv.sohu.com/item/MTIwODUzMQ==.html,81749683,我是你的眼,7.0
sohu,http://tv.sohu.com/item/MTIwNjYwOQ==.html,44811014,追击者,8.0
sohu,http://tv.sohu.com/item/MTE5ODAzNg==.html,239803827,家和万事兴（卫视版）,7.0
sohu,http://tv.sohu.com/item/MTIwMjgzNA==.html,71164473,地下地上之大陆小岛,7.0
sohu,http://tv.sohu.com/item/MTE5ODU5Mw==.html,193171093,酷爸俏妈,8.0
sohu,http://tv.sohu.com/item/MTEwMTk2MQ==.html,57038630,劫中劫,8.0
sohu,http://tv.sohu.com/item/MTEwMzY3NQ==.html,74608444,海上孟府,9.0
sohu,http://tv.sohu.com/item/MTE5OTQxNA==.html,65159774,婚姻时差,7.0
sohu,http://tv.sohu.com/item/MTIwMzI4NA==.html,819908,省港大营救,10.0
sohu,http://tv.sohu.com/item/MTE3NDE2OQ==.html,244110034,陆小凤与花满楼,8.0
sohu,http://tv.sohu.com/item/MTE5MjE0MA==.html,220662737,天使的城,8.0
sohu,http://tv.sohu.com/item/MTIwMDA4Mw==.html,66436489,男神执事团,8.0
sohu,http://tv.sohu.com/item/MTE5MjAxOA==.html,543363919,活色生香（卫视版）,9.0
sohu,http://tv.sohu.com/item/MTE5OTk4NA==.html,208708945,最佳前男友,9.0
sohu,http://tv.sohu.com/item/MTE5OTEzMg==.html,1036060,冲出月亮岛,2.0
sohu,http://tv.sohu.com/item/MTE5ODU1Mw==.html,135508096,无敌铁桥三,7.0
sohu,http://tv.sohu.com/item/MTIwMzQwNg==.html,1177526,恋上黑天使,0.0
sohu,http://tv.sohu.com/item/MTIwMDAwNQ==.html,1020659,东北抗日联军,0.0
sohu,http://tv.sohu.com/item/MTIwNDA2NA==.html,53909179,继父回家,7.0
sohu,http://tv.sohu.com/item/MTE5NzY2NA==.html,423491983,冰与火的青春（卫视版）,7.0
sohu,http://tv.sohu.com/item/MTIwMzU4NA==.html,7278261,搜狐视频电视剧每周点评,7.0
sohu,http://tv.sohu.com/item/MTIwMzQ0Mw==.html,39516774,破阵,6.0
sohu,http://tv.sohu.com/item/MTIwMjY3NA==.html,189973663,明若晓溪（卫视版）,8.0
sohu,http://tv.sohu.com/item/MTE5ODA3NA==.html,184926004,我的二哥二嫂,8.0
sohu,http://tv.sohu.com/item/MTIwMzEzMQ==.html,199562773,妈妈像花儿一样,8.0
sohu,http://tv.sohu.com/item/MTE5OTg1Ng==.html,276392655,神犬小七（卫视版）,8.0
sohu,http://tv.sohu.com/item/MTE5ODAzNA==.html,182750413,敢爱,8.0
sohu,http://tv.sohu.com/item/MTE5MjE2OA==.html,342673250,抓住彩虹的男人（卫视版）,7.0
sohu,http://tv.sohu.com/item/MTE5ODMwNQ==.html,263704279,铁在烧,7.0
sohu,http://tv.sohu.com/item/MTE5ODAzMg==.html,829609624,虎妈猫爸,9.0
sohu,http://tv.sohu.com/item/MTIwNDA3MQ==.html,72202991,戴流苏耳环的少女,5.0
sohu,http://tv.sohu.com/item/MTIwODU0NQ==.html,46488052,下辈子还做我老爸,8.0
sohu,http://tv.sohu.com/item/MTIwNTA5MQ==.html,59587614,蚂蚱,8.0
sohu,http://tv.sohu.com/item/MTIwNjc1Mw==.html,62940228,硬骨头,6.0
sohu,http://tv.sohu.com/item/MTIwNTA4Nw==.html,168771316,守婚如玉,7.0
sohu,http://tv.sohu.com/item/MTIwODU5OA==.html,31787500,长征大会师,9.0
sohu,http://tv.sohu.com/item/MTE5NTU0MQ==.html,37928849,遥远的婚约,6.0
sohu,http://tv.sohu.com/item/MTIwNTc4Nw==.html,190288409,那年青春我们正好,8.0
sohu,http://tv.sohu.com/item/MTIwNjk3NA==.html,81756272,嫁个老公过日子,8.0
sohu,http://tv.sohu.com/item/MTIwNTM1Ng==.html,143956117,柠檬初上（卫视版）,8.0
sohu,http://tv.sohu.com/item/MTIwMjY1OQ==.html,301450066,山海经之赤影传说（卫视版）,8.0
sohu,http://tv.sohu.com/item/MTIwNzA2Ng==.html,170293293,太太万岁,7.0
sohu,http://tv.sohu.com/item/MTIwNzc1MA==.html,79767170,养个孩子不容易,6.0
sohu,http://tv.sohu.com/item/MTIwNjcwMg==.html,113802693,若是如此,7.0
sohu,http://tv.sohu.com/item/MTIwOTA4Nw==.html,40444096,我的岳父会武术,8.0
sohu,http://tv.sohu.com/item/MTIwNTc5Ng==.html,178350821,女不强大天不容,7.0
sohu,http://tv.sohu.com/item/MTIwNjg0NA==.html,60623435,我的爱情撞上了战争,6.0
sohu,http://tv.sohu.com/item/MTE3MzU1Nw==.html,154544491,远得要命的爱情,8.0
sohu,http://tv.sohu.com/item/MTA0OTQ4OA==.html,30094470,因为爱,7.0
sohu,http://tv.sohu.com/item/MTIwNzUyMA==.html,47795198,终极使命,7.0
sohu,http://tv.sohu.com/item/MTIwNTk0OQ==.html,53915502,彭德怀元帅,9.0
sohu,http://tv.sohu.com/item/MjA3MTIz.html,258134818,秀丽江山之长歌行（卫视版）,8.0
sohu,http://tv.sohu.com/item/MTk3NTkz.html,59942626,刺青,6.0
sohu,http://tv.sohu.com/item/MTIwNTg4Nw==.html,77275145,玉海棠（卫视版）,8.0
sohu,http://tv.sohu.com/item/MTIwODgxMw==.html,33289138,深宅1927,7.0
sohu,http://tv.sohu.com/item/MTIwNzk4Nw==.html,40994425,傻儿传奇之抗战到底,7.0
sohu,http://tv.sohu.com/item/MTE5OTY3NA==.html,111263470,游击英雄,6.0
sohu,http://tv.sohu.com/item/MTIwODk2NA==.html,29047563,淬火成钢,8.0
sohu,http://tv.sohu.com/item/MTE5OTgxNQ==.html,119070801,我是杜拉拉（卫视版）,8.0
sohu,http://tv.sohu.com/item/MTE5OTM2Mg==.html,345561198,寂寞空庭春欲晚（卫视版）,4.0
sohu,http://tv.sohu.com/item/MTE5ODE3Nw==.html,329542035,执念师（原版）,8.0
sohu,http://tv.sohu.com/item/MTE5NTI5Mw==.html,82130223,终极对决,6.0
sohu,http://tv.sohu.com/item/MTE5OTk3Ng==.html,228889807,我的宝贝,7.0
sohu,http://tv.sohu.com/item/MTIwMDMyMQ==.html,2932961,仙侠剑（卫视版）,8.0
sohu,http://tv.sohu.com/item/MTA4MzAxOA==.html,49920945,战地狮吼,4.0
sohu,http://tv.sohu.com/item/MTE5OTk5Nw==.html,2072601,爸爸父亲爹,8.0
sohu,http://tv.sohu.com/item/MTIwMzEyNw==.html,205908380,三个奶爸,8.0
sohu,http://tv.sohu.com/item/MTIwNDE5MQ==.html,7592695,欢天喜地对亲家（卫视版）,7.0
sohu,http://tv.sohu.com/item/MTIwMDAyNA==.html,58800164,刺蝶,7.0
sohu,http://tv.sohu.com/item/MTE5NzE5MA==.html,429213012,两生花,6.0
sohu,http://tv.sohu.com/item/MTE5ODQwMA==.html,2235901,嘿！真不是闹着玩的,3.0
sohu,http://tv.sohu.com/item/MjE0OTk3.html,93335083,错伏,7.0
sohu,http://tv.sohu.com/item/MTIwMjQ3OA==.html,81366494,决杀,6.0
sohu,http://tv.sohu.com/item/MTE5NzE1NQ==.html,569980124,偏偏喜欢你（卫视版）,7.0
sohu,http://tv.sohu.com/item/MTIwNDE2Nw==.html,129650581,刀光枪影,5.0
sohu,http://tv.sohu.com/item/MTIwMjcxOQ==.html,1420902,黄河在咆哮,8.0
sohu,http://tv.sohu.com/item/MTE5NzE5Mg==.html,41985058,我的绝密生涯,7.0
sohu,http://tv.sohu.com/item/MTEwMzQ3OA==.html,2595841,聊斋新编（卫视版）,0.0
sohu,http://tv.sohu.com/item/MTE5OTU4Ng==.html,53131926,二婶,6.0
sohu,http://tv.sohu.com/item/MTE5NTY3NA==.html,115320160,杀寇决,9.0
sohu,http://tv.sohu.com/item/MTE3Mzg2NA==.html,571260654,大汉情缘之云中歌（卫视版）,7.0
sohu,http://tv.sohu.com/item/MTE5OTc1MA==.html,209843621,美丽的秘密（卫视版）,8.0
sohu,http://tv.sohu.com/item/MTIwMzA5Nw==.html,76872460,飞虎队,8.0
sohu,http://tv.sohu.com/item/OTY3OTA4.html,757854422,少年四大名捕（卫视版）,8.0
sohu,http://tv.sohu.com/item/MTIwMjczMg==.html,124386706,左手劈刀,7.0
sohu,http://tv.sohu.com/item/MTIwMjgzNw==.html,4513870,南侨机工英雄传,8.0
sohu,http://tv.sohu.com/item/MTE5OTgxOA==.html,425284256,大好时光,7.0
sohu,http://tv.sohu.com/item/MTE5ODQxNA==.html,182064855,铁核桃,6.0
sohu,http://tv.sohu.com/item/MTIwMDE0MA==.html,227648311,枪侠,6.0
sohu,http://tv.sohu.com/item/MTIwNDI1Nw==.html,179229961,搭错车,9.0
sohu,http://tv.sohu.com/item/MTIwNjQ5MA==.html,78795023,踏破硝烟,6.0
sohu,http://tv.sohu.com/item/MTIwNTc2Mw==.html,82458061,执念师 第二季,8.0
sohu,http://tv.sohu.com/item/MTIwODE3Nw==.html,69680030,暗战危城,5.0
sohu,http://tv.sohu.com/item/MTIwMzIyNQ==.html,449305456,煮妇神探（卫视版）,5.0
sohu,http://tv.sohu.com/item/MTIwODQ1MA==.html,56713245,信者无敌,8.0
sohu,http://tv.sohu.com/item/MTE2ODgyOA==.html,56099152,对与决,5.0
sohu,http://tv.sohu.com/item/MTIwNTE4MQ==.html,138634578,铁血战狼（卫视版）,7.0
sohu,http://tv.sohu.com/item/MTIwMzU0MA==.html,166273188,麻辣变形计（卫视版）,8.0
sohu,http://tv.sohu.com/item/MTIwNTAwMw==.html,399694595,武神赵子龙（卫视版）,8.0
sohu,http://tv.sohu.com/item/MTE5OTg5NQ==.html,87701216,三八线,6.0
sohu,http://tv.sohu.com/item/MTIwNjUxOQ==.html,163639071,神犬小七 第二季（卫视版）,9.0
sohu,http://tv.sohu.com/item/MTIwODE5MA==.html,74882972,木兰妈妈,7.0
sohu,http://tv.sohu.com/item/MTIwMjg4MA==.html,295480511,特种兵之霹雳火（卫视版）,5.0
sohu,http://tv.sohu.com/item/MTIwNzkwMw==.html,58342349,遥远的距离,7.0
sohu,http://tv.sohu.com/item/MTIwODE3Mw==.html,39745622,豆娘,6.0
sohu,http://tv.sohu.com/item/MTIwNDU2Nw==.html,97598161,大年初一立春,4.0
sohu,http://tv.sohu.com/item/MTIwODc3OQ==.html,76207237,闺蜜嫁到,7.0
sohu,http://tv.sohu.com/item/MTIwNjc1OA==.html,409964640,刺客列传,9.0
sohu,http://tv.sohu.com/item/MTIwMjcxNg==.html,270924885,青丘狐传说（卫视版）,7.0
sohu,http://tv.sohu.com/item/MTIwNjUzMQ==.html,133294647,美人私房菜之玉蝶传奇（未删减版）,9.0
sohu,http://tv.sohu.com/item/MTIwNTQxNg==.html,1410937852,幻城（卫视版）,8.0
sohu,http://tv.sohu.com/item/MTE5NzAzOA==.html,460987315,女医明妃传,9.0
sohu,http://tv.sohu.com/item/MTIwNTAyMA==.html,215536120,我爱男保姆,8.0
sohu,http://tv.sohu.com/item/MTIwNzk3Nw==.html,75986355,锻刀,7.0
sohu,http://tv.sohu.com/item/MTIwNDk5NQ==.html,104501619,热血,7.0
sohu,http://tv.sohu.com/item/MTIwNzY3Nw==.html,53676691,宜昌保卫战,7.0
sohu,http://tv.sohu.com/item/MTIwMzE5NQ==.html,578519152,好先生,9.0
sohu,http://tv.sohu.com/item/MTIwMzI0Mg==.html,108526613,双刺（卫视版）,7.0
sohu,http://tv.sohu.com/item/MTIwODk0MA==.html,62977410,别让爱你的人等太久,8.0
sohu,http://tv.sohu.com/item/MTIwNjk1Mw==.html,69202,夏至未至,
sohu,http://tv.sohu.com/item/MTIwOTU2NA==.html,907678,大唐荣耀,
sohu,http://tv.sohu.com/item/MTIwODAwNw==.html,1680525,无心法师 第二部,
sohu,http://tv.sohu.com/item/MTIwMzQ0Nw==.html,243751457,雪域雄鹰,8.0
sohu,http://tv.sohu.com/item/MTE4OTQ3NA==.html,100765503,妈妈向前冲,6.0
sohu,http://tv.sohu.com/item/MTE5OTc0Nw==.html,227025259,幸福归来,7.0
sohu,http://tv.sohu.com/item/MTE5ODAzNw==.html,856498708,妻子的谎言（卫视版）,8.0
sohu,http://tv.sohu.com/item/MTE5OTQzMA==.html,249107287,生死连,8.0
sohu,http://tv.sohu.com/item/MTIwNDA5NQ==.html,138835117,嫂子嫂子,5.0
sohu,http://tv.sohu.com/item/MTIwMjUyNA==.html,5719785,夺宝传奇,7.0
sohu,http://tv.sohu.com/item/MTIwMzcyMg==.html,157595016,俺娘田小草,6.0
sohu,http://tv.sohu.com/item/MTA5ODMwMA==.html,87443079,青岛往事,8.0
sohu,http://tv.sohu.com/item/MTIwMzEwNQ==.html,4682278,孤雁,7.0
sohu,http://tv.sohu.com/item/MTIwMzQ4NA==.html,149575919,激战（卫视版）,5.0
sohu,http://tv.sohu.com/item/MTE5ODIzMA==.html,401940482,平凡的世界（卫视版）,6.0
sohu,http://tv.sohu.com/item/MTE5NzMxMQ==.html,515631349,秦时明月（卫视版）,8.0
sohu,http://tv.sohu.com/item/MTIwMjQwMA==.html,233135741,拥抱星星的月亮,9.0
sohu,http://tv.sohu.com/item/MTE5NjY4Mg==.html,482479848,北上广不相信眼泪,8.0
sohu,http://tv.sohu.com/item/MTE5OTMyMQ==.html,877606954,特警力量（卫视版）,7.0
sohu,http://tv.sohu.com/item/MTIwMDA3Ng==.html,28597517,克拉恋人（TV版）,8.0
sohu,http://tv.sohu.com/item/MTIwMzMwNA==.html,1153783993,大秧歌,8.0
sohu,http://tv.sohu.com/item/MTE3NjgzOA==.html,674044432,锦绣缘华丽冒险（卫视版）,8.0
sohu,http://tv.sohu.com/item/MTE5Nzk3OA==.html,143837175,野山鹰,6.0
sohu,http://tv.sohu.com/item/MTIwMzA1OQ==.html,291057566,极品女士第4季,8.0
sohu,http://tv.sohu.com/item/MTIwMzc1NA==.html,315316404,匆匆那年：好久不见,7.0
sohu,http://tv.sohu.com/item/MTE5ODI0NQ==.html,675034097,封神英雄榜 第二部（卫视版）,7.0
sohu,http://tv.sohu.com/item/MTE5NzM0NQ==.html,1221299988,何以笙箫默（未删减版）,9.0
sohu,http://tv.sohu.com/item/MTE5ODI1NA==.html,732760735,伪装者（卫视版）,8.0
sohu,http://tv.sohu.com/item/MTE5NDMzMQ==.html,2686877693,花千骨（卫视版）,7.0
sohu,http://tv.sohu.com/item/MTE5ODE2OA==.html,1364636722,屌丝男士第4季,9.0
sohu,http://tv.sohu.com/item/MTE5OTczMQ==.html,1522743310,他来了，请闭眼（搜狐版）,9.0
sohu,http://tv.sohu.com/item/MTE5OTU5MA==.html,1280260086,无心法师,9.0
sohu,http://tv.sohu.com/item/MTE3NzM3NA==.html,1043075017,琅琊榜,9.0
sohu,http://tv.sohu.com/item/MTIwNjI0MA==.html,314506605,解密（卫视版）,9.0
sohu,http://tv.sohu.com/item/MTIwNzk0OA==.html,393538193,器灵,8.0
sohu,http://tv.sohu.com/item/MTIwNTAzMg==.html,318647830,情谜睡美人,7.0
sohu,http://tv.sohu.com/item/MTIwODkzNg==.html,35533228,真心想让你幸福,9.0
sohu,http://tv.sohu.com/item/MTIwNzEyOQ==.html,110285213,猎刃,7.0
sohu,http://tv.sohu.com/item/MTIwNDE2NA==.html,17374077,狐影,6.0
sohu,http://tv.sohu.com/item/MTE5OTc0NQ==.html,51777325,无名者,7.0
sohu,http://tv.sohu.com/item/MTIwMzUzNQ==.html,300229544,小别离,8.0
sohu,http://tv.sohu.com/item/MTIwNTk5Nw==.html,271487220,贴身校花,8.0
sohu,http://tv.sohu.com/item/MTIwMzQxNQ==.html,577728748,麻雀（卫视版）,7.0
sohu,http://tv.sohu.com/item/MTIwMzUzNA==.html,464376410,胭脂,8.0
sohu,http://tv.sohu.com/item/MTIwNjY4Nw==.html,270438931,警花与警犬,8.0
sohu,http://tv.sohu.com/item/MTIwNzA5MQ==.html,261461524,中国式关系,8.0
sohu,http://tv.sohu.com/item/MjA5MDUy.html,383515228,好家伙,9.0
sohu,http://tv.sohu.com/item/MTIwNTkxMQ==.html,109755367,三妹,7.0
sohu,http://tv.sohu.com/item/MTIwNjc3OA==.html,179897398,不可能完成的任务,6.0
sohu,http://tv.sohu.com/item/MTIwNDM5Ng==.html,68551845,追婚记,7.0
sohu,http://tv.sohu.com/item/MTIwNTI5Nw==.html,86563477,老公们的私房钱,7.0
sohu,http://tv.sohu.com/item/MTE5OTA2NQ==.html,160868425,炮神,6.0
sohu,http://tv.sohu.com/item/MTIwNjUzMg==.html,322690778,放弃我，抓紧我（卫视版）,9.0
sohu,http://tv.sohu.com/item/MTIwOTEyNw==.html,93326887,黑狐之风影,7.0
sohu,http://tv.sohu.com/item/MTIwODIxNQ==.html,198932998,寒山令,6.0
sohu,http://tv.sohu.com/item/MTIwNDg5Ng==.html,1169652185,欢乐颂,9.0
sohu,http://tv.sohu.com/item/MTIwMzEyOA==.html,140317273,伏击,4.0
sohu,http://tv.sohu.com/item/MTIwODkzNA==.html,64780437,小草青青,5.0
sohu,http://tv.sohu.com/item/MTIwNjEwMg==.html,155235439,再见，老婆大人,7.0
sohu,http://tv.sohu.com/item/MTIwNTI4Mg==.html,494946031,新边城浪子,8.0
sohu,http://tv.sohu.com/item/MTIwODY2MQ==.html,343879140,屏里狐,8.0
sohu,http://tv.sohu.com/item/MTIwMzU3NA==.html,639962993,亲爱的，公主病,9.0
sohu,http://tv.sohu.com/item/MTIwNzQzNw==.html,1560039355,法医秦明,9.0
sohu,http://tv.sohu.com/item/MTIwOTg4Ng==.html,39725,真爱的谎言之破冰者,
sohu,http://tv.sohu.com/item/MTIwOTg3NQ==.html,13703,春风十里不如你,
sohu,http://tv.sohu.com/item/MTIxMDMzNw==.html,221235,降龙伏虎小济公 第二季,
sohu,http://tv.sohu.com/item/MTIwOTU5OQ==.html,84495372,于成龙,8.0
sohu,http://tv.sohu.com/item/MTIwODc4NA==.html,202490862,北上广依然相信爱情（卫视版）,8.0
sohu,http://tv.sohu.com/item/MTIwNjY0Ng==.html,96671122,乱世丽人行,7.0
sohu,http://tv.sohu.com/item/MTIwNDAyOQ==.html,90950649,最后一张签证,7.0
sohu,http://tv.sohu.com/item/MTIxMDE1MQ==.html,75069361,淘气爷孙,8.0
sohu,http://tv.sohu.com/item/MTIwOTg2MQ==.html,45748222,双喜盈门,8.0
sohu,http://tv.sohu.com/item/MTIwOTQ1MQ==.html,72279104,孤战,8.0
sohu,http://tv.sohu.com/item/MTIwOTczMw==.html,229932224,降龙伏虎小济公,8.0
sohu,http://tv.sohu.com/item/MTIxMDg0Nw==.html,4037843,热血尖兵,7.0
sohu,http://tv.sohu.com/item/MTIwODg5Nw==.html,257622433,守护丽人（未删减版）,7.0
sohu,http://tv.sohu.com/item/MTIwOTU1Ng==.html,277816037,漂亮的李慧珍（卫视版）,8.0
sohu,http://tv.sohu.com/item/MTIxMDA4MQ==.html,7924674,谁寄锦书来,5.0
sohu,http://tv.sohu.com/item/MTE5OTM3Mw==.html,6798545,知青家庭,6.0
sohu,http://tv.sohu.com/item/MTIwODc2MQ==.html,60318703,战火中的兄弟,6.0
sohu,http://tv.sohu.com/item/MTIxMDU4Ng==.html,9413122,咱家,8.0
sohu,http://tv.sohu.com/item/MTIxMDE1Mw==.html,49658637,妈妈向前冲冲冲,6.0
sohu,http://tv.sohu.com/item/MTIxMDMzMQ==.html,49996126,黄金女保镖,5.0
sohu,http://tv.sohu.com/item/MTIwOTczNg==.html,69493774,青年霍元甲之冲出江湖（卫视版）,7.0
sohu,http://tv.sohu.com/item/MTIxMDU0Ng==.html,21530557,新猛龙过江,8.0
sohu,http://tv.sohu.com/item/MTIwNjA4NA==.html,81998167,周末父母（卫视版）,7.0
sohu,http://tv.sohu.com/item/MTE5NDY2OQ==.html,72103754,大秦帝国之崛起,8.0
sohu,http://tv.sohu.com/item/MTIwOTkzOA==.html,24887131,破晓,8.0
sohu,http://tv.sohu.com/item/MTIxMDE1NA==.html,143062531,爱，来得刚好,7.0
sohu,http://tv.sohu.com/item/MTIxMDY2NQ==.html,47656839,老爸当家,7.0
sohu,http://tv.sohu.com/item/MTIwNjM2MA==.html,166168825,那片星空那片海（卫视版）,8.0
sohu,http://tv.sohu.com/item/MTIxMDY4OA==.html,33820113,鸡毛飞上天,8.0
sohu,http://tv.sohu.com/item/MTIwNjYxMw==.html,840858265,三生三世十里桃花,9.0
sohu,http://tv.sohu.com/item/MTE5MjM3OQ==.html,1938804835,杉杉来了（标准版）,9.0
sohu,http://tv.sohu.com/item/MTE5MjcwNA==.html,2835480,错儿,10.0
sohu,http://tv.sohu.com/item/MTE5NTM1Mw==.html,273790161,北平无战事（卫视版）,9.0
sohu,http://tv.sohu.com/item/MTE5NjUxOA==.html,164435875,和平的全盛时代,9.0
sohu,http://tv.sohu.com/item/MTA5NjcyMQ==.html,19375389,钟点工们,8.0
sohu,http://tv.sohu.com/item/MTEwMzM2NA==.html,14808231,宝贝儿回家,9.0
sohu,http://tv.sohu.com/item/MTIwNDk3Nw==.html,77332,新侠客行,
sohu,http://tv.sohu.com/item/MTE4NDc5Mw==.html,1265148,唱战记,
sohu,http://tv.sohu.com/item/MTE4NDYyMQ==.html,10204,大根的梦想生活,
sohu,http://tv.sohu.com/item/MTE3NjQyOA==.html,14257028,三国热（卫视版）,
sohu,http://tv.sohu.com/item/MTE5NTg5Mw==.html,120574,大世界,
sohu,http://tv.sohu.com/item/MTE5NTgzNQ==.html,26243,1931年的爱情,
sohu,http://tv.sohu.com/item/MTE5MjQ4MQ==.html,25774,乱世烟雨,
sohu,http://tv.sohu.com/item/MTE5MTk5OA==.html,11749,慢慢地陪着你走,
sohu,http://tv.sohu.com/item/MTE5MjEzNA==.html,19936,美丽笨女人,
sohu,http://tv.sohu.com/item/MTE4NTk5Nw==.html,133323,一场奋不顾身的爱情,
sohu,http://tv.sohu.com/item/MTE5MzE0Nw==.html,626681,搜狐视频暑期剧目大放送,
sohu,http://tv.sohu.com/item/MTIwMzMwOA==.html,7579,恶老板,
sohu,http://tv.sohu.com/item/MTE5NjQ3MA==.html,137219,爱让我们在一起,
sohu,http://tv.sohu.com/item/MTE5NTgyMg==.html,63282,同门往事,
sohu,http://tv.sohu.com/item/MTE5ODQ0MA==.html,95287,吉鸿昌,
sohu,http://tv.sohu.com/item/MTE4NDc4Mw==.html,120345,龙门飞甲,
sohu,http://tv.sohu.com/item/MTE5NDczMA==.html,120179,亿万继承人,
sohu,http://tv.sohu.com/item/MTE5NjE3Mg==.html,86310,通天狄仁杰,
sohu,http://tv.sohu.com/item/MTE3Njk0OA==.html,192899,满山打鬼子,
sohu,http://tv.sohu.com/item/MTE5MjE2Mw==.html,2507655,我该怎么办,6.0
sohu,http://tv.sohu.com/item/MTE4OTYxMA==.html,1551306,青春无极限,3.0
sohu,http://tv.sohu.com/item/MTE5NTE5OA==.html,1032847,爹妈满院,
sohu,http://tv.sohu.com/item/MTE4MDc2NQ==.html,8244284,青果巷,7.0
sohu,http://tv.sohu.com/item/MTE3NDUxNw==.html,8159077,钢的琴,9.0
sohu,http://tv.sohu.com/item/MTE5NzUwNQ==.html,11442513,谁都别惹我,5.0
sohu,http://tv.sohu.com/item/MTE5Mjk4MQ==.html,20564227,包笑公堂 第一季,7.0
sohu,http://tv.sohu.com/item/MjIxODY1.html,331974,待到山花烂漫时,8.0
sohu,http://tv.sohu.com/item/MTE3OTk1OA==.html,23696924,家宴,8.0
sohu,http://tv.sohu.com/item/MTE5MTcwNw==.html,21090197,婚里婚外那些事,8.0
sohu,http://tv.sohu.com/item/MTIwNTY5OQ==.html,1376899,危险旅程,7.0
sohu,http://tv.sohu.com/item/MTA1OTMwNA==.html,16926842,亲情保卫战,8.0
sohu,http://tv.sohu.com/item/MTE5ODUzMg==.html,713022,冤家亲家,0.0
sohu,http://tv.sohu.com/item/MTE4NTY4NA==.html,17222834,黄金背后,7.0
sohu,http://tv.sohu.com/item/MTE3NjQwNw==.html,4294766,新天龙八部微电影,9.0
sohu,http://tv.sohu.com/item/MTE3OTk4NQ==.html,30477576,江南四大才子（卫视版）,7.0
sohu,http://tv.sohu.com/item/MTE5MTcwNg==.html,90232321,美人如画（卫视版）,7.0
sohu,http://tv.sohu.com/item/MTE4OTY4Mg==.html,107900159,加油爱人（卫视版）,7.0
sohu,http://tv.sohu.com/item/MTE5MzMzNg==.html,1199173,追求幸福的日子（未删减版）,5.0
sohu,http://tv.sohu.com/item/MTE3NzAzOQ==.html,43888267,七年之痒,8.0
sohu,http://tv.sohu.com/item/MjA1MzIy.html,56471652,养女,8.0
sohu,http://tv.sohu.com/item/MTE5ODEwOA==.html,803819,巍巍兴安岭,1.0
sohu,http://tv.sohu.com/item/MTE4ODU5OA==.html,32757110,我在北京挺好的,8.0
sohu,http://tv.sohu.com/item/MTE4NjI0MQ==.html,144997859,一又二分之一的夏天（卫视版）,9.0
sohu,http://tv.sohu.com/item/MTE3ODIxNA==.html,36662303,十送红军,8.0
sohu,http://tv.sohu.com/item/MTEwMjM4NA==.html,2300998,势不两立,6.0
sohu,http://tv.sohu.com/item/MjAwODM5.html,19374216,娘心计,7.0
sohu,http://tv.sohu.com/item/MTE5NjgxMw==.html,1141780,盾神,0.0
sohu,http://tv.sohu.com/item/MTE5MjQ4NA==.html,148948814,水浒学院,9.0
sohu,http://tv.sohu.com/item/MjE0OTYy.html,75422924,婚姻料理,7.0
sohu,http://tv.sohu.com/item/MTE5MjM4MQ==.html,97484611,金牌律师（卫视版）,8.0
sohu,http://tv.sohu.com/item/MjA4MTQ1.html,32418821,嫁给爱情,7.0
sohu,http://tv.sohu.com/item/MTE5NTAyMA==.html,984258,证据,10.0
sohu,http://tv.sohu.com/item/MTE4MzE1OQ==.html,3275692,老兵,6.0
sohu,http://tv.sohu.com/item/MTE4NDYyMA==.html,67586173,大河儿女（标准版）,9.0
sohu,http://tv.sohu.com/item/MjI0MDQ4.html,2594642,出关（卫视版）,6.0
sohu,http://tv.sohu.com/item/MjAwMjM5.html,26073462,人是铁饭是钢,9.0
sohu,http://tv.sohu.com/item/MTE4MzE5OQ==.html,56411884,我和我的他们,8.0
sohu,http://tv.sohu.com/item/MTE4NTgxMA==.html,47287201,大村官,8.0
sohu,http://tv.sohu.com/item/MTE3ODU2MQ==.html,72097080,错放你的手,9.0
sohu,http://tv.sohu.com/item/MTE3NDUwNg==.html,92915999,老爸回家,7.0
sohu,http://tv.sohu.com/item/MTE5NDY1OA==.html,56819387,奶爸的爱情生活,8.0
sohu,http://tv.sohu.com/item/MTE5MTkwMg==.html,72763569,幸福美丽绽放,8.0
sohu,http://tv.sohu.com/item/MTE5MzIyMQ==.html,82021436,当婆婆遇上妈之欢喜冤家（卫视版）,8.0
sohu,http://tv.sohu.com/item/MjE0OTcz.html,45147785,刘海砍樵,8.0
sohu,http://tv.sohu.com/item/MjIwMTEy.html,195058158,团圆饭（卫视版）,9.0
sohu,http://tv.sohu.com/item/MTE5NTI4NQ==.html,631390,谈判冤家（卫视版）,10.0
sohu,http://tv.sohu.com/item/MTE5NDYyMQ==.html,55873756,舰在亚丁湾,8.0
sohu,http://tv.sohu.com/item/MTE5NzMyMA==.html,35162771,大清盐商,6.0
sohu,http://tv.sohu.com/item/MjIxODg5.html,171971752,幸福请你等等我（卫视版）,7.0
sohu,http://tv.sohu.com/item/MTE4NTkyNw==.html,82539796,代号九耳犬,8.0
sohu,http://tv.sohu.com/item/MTE5NTI4Ng==.html,6546824,觉醒者,4.0
sohu,http://tv.sohu.com/item/MTAwNTcwMA==.html,97860310,地火,8.0
sohu,http://tv.sohu.com/item/MTE5MjM3Mw==.html,53359387,九死一生（标准版）,8.0
sohu,http://tv.sohu.com/item/MTE3NzQ2Ng==.html,28283571,追剿,7.0
sohu,http://tv.sohu.com/item/MTE5NjI1OA==.html,358526240,第二次人生（卫视版）,7.0
sohu,http://tv.sohu.com/item/MTE4MDUyMQ==.html,13281486,豆腐西施杨七巧,8.0
sohu,http://tv.sohu.com/item/MTE5Njg0OA==.html,86213900,跟我回家,8.0
sohu,http://tv.sohu.com/item/MTE5NTI5Mg==.html,7412773,大都市小爱情,5.0
sohu,http://tv.sohu.com/item/MTE5NjU5MA==.html,70693876,良心,8.0
sohu,http://tv.sohu.com/item/OTkyNzYw.html,58361074,铁血刀锋,9.0
sohu,http://tv.sohu.com/item/MTE4NjEyNA==.html,255186342,如果我爱你（卫视版）,9.0
sohu,http://tv.sohu.com/item/MTE5MTk1OQ==.html,76066059,犀利仁师（卫视版）,9.0
sohu,http://tv.sohu.com/item/MTE5NDcyOQ==.html,4355350,兵出潼关,5.0
sohu,http://tv.sohu.com/item/MTE5NzAwMw==.html,10434578,我要当八路,7.0
sohu,http://tv.sohu.com/item/MTE5MjAwNw==.html,74683517,金战,7.0
sohu,http://tv.sohu.com/item/MTE4NjA0Nw==.html,22572395,美丽谎言,7.0
sohu,http://tv.sohu.com/item/MTE5Mzc3OA==.html,217705151,一见不钟情（卫视版）,9.0
sohu,http://tv.sohu.com/item/MTE4NDY4Mg==.html,95251501,武林猛虎,8.0
sohu,http://tv.sohu.com/item/MTE5OTgyMA==.html,1063306,怒放,1.0
sohu,http://tv.sohu.com/item/OTgxMzcx.html,183307989,冒牌英雄,8.0
sohu,http://tv.sohu.com/item/MTE3NjY4Mg==.html,22218889,爱的妇产科（卫视版）,8.0
sohu,http://tv.sohu.com/item/MjE2MTMy.html,528167288,相爱十年（卫视版）,6.0
sohu,http://tv.sohu.com/item/MTE5MTg3OQ==.html,37895075,亲爱的,8.0
sohu,http://tv.sohu.com/item/OTgxMTI5.html,219173658,爱情最美丽（标准版）,8.0
sohu,http://tv.sohu.com/item/MTE4NjIwMQ==.html,1566757,樱桃红之袖珍妈妈,6.0
sohu,http://tv.sohu.com/item/MTE4MzE4Mg==.html,61565597,反击（未删减版）,7.0
sohu,http://tv.sohu.com/item/MTE4OTcyNQ==.html,327363485,幸福从天而降,8.0
sohu,http://tv.sohu.com/item/MjAxNzA4.html,253749447,千金保姆,8.0
sohu,http://tv.sohu.com/item/MTE3NzEzMA==.html,463486654,新闺蜜时代,9.0
sohu,http://tv.sohu.com/item/MTE4OTY4Mw==.html,231328493,幸福爱人（卫视版）,8.0
sohu,http://tv.sohu.com/item/MTE5Njg0MQ==.html,139439361,傻儿传奇,8.0
sohu,http://tv.sohu.com/item/MTE5NTE2NQ==.html,484638961,把爱带回家（卫视版）,8.0
sohu,http://tv.sohu.com/item/MTA5NzAwMw==.html,1510497,马向阳下乡记（卫视版）,2.0
sohu,http://tv.sohu.com/item/MTIwMjk0Mg==.html,8634141,二十四道拐,5.0
sohu,http://tv.sohu.com/item/MjI1NDk2.html,285704431,绝爱,9.0
sohu,http://tv.sohu.com/item/MTE3Nzg2Mg==.html,79954803,大漠苍狼,7.0
sohu,http://tv.sohu.com/item/MTE5MzI4NQ==.html,2220619,别逼我结婚（卫视版）,9.0
sohu,http://tv.sohu.com/item/MjIxODg2.html,311327692,爱情回来了（卫视版）,8.0
sohu,http://tv.sohu.com/item/MTE4NjE5MA==.html,104856441,铁血独立营,8.0
sohu,http://tv.sohu.com/item/MjE2MTA5.html,338997532,刀客家族的女人（标准版）,8.0
sohu,http://tv.sohu.com/item/MTE5Njc1OA==.html,363643905,情定三生,8.0
sohu,http://tv.sohu.com/item/MTE5NTU0Mg==.html,126187939,半路父子（卫视版）,9.0
sohu,http://tv.sohu.com/item/MTA4NzkyOA==.html,58885091,烽火铁骑,7.0
sohu,http://tv.sohu.com/item/MTE5NjUxNg==.html,2491252,假如幸福来临（TV版）,9.0
sohu,http://tv.sohu.com/item/MTE5NzIyMg==.html,254738012,锋刃（卫视版）,9.0
sohu,http://tv.sohu.com/item/MTE5OTMwNw==.html,1409361,中国刑警803,6.0
sohu,http://tv.sohu.com/item/MTE5MzA0NA==.html,12160708,深圳合租记,9.0
sohu,http://tv.sohu.com/item/MTE5MjQ1Mw==.html,2479283,菜刀班尖刀连,7.0
sohu,http://tv.sohu.com/item/MTE5MzYzNQ==.html,254637036,约会专家（未删减版）,9.0
sohu,http://tv.sohu.com/item/MTE5OTQwNg==.html,2065618,女人的抗战（卫视版）,8.0
sohu,http://tv.sohu.com/item/MTE5NzI5OA==.html,183198910,老农民（卫视版）,9.0
sohu,http://tv.sohu.com/item/OTY3OTEz.html,460822940,金玉良缘（标准版）,8.0
sohu,http://tv.sohu.com/item/MTE5MTk4OQ==.html,304389255,青春烈火,9.0
sohu,http://tv.sohu.com/item/MTE5NjkwNQ==.html,254864566,少林寺传奇藏经阁,9.0
sohu,http://tv.sohu.com/item/MTE3OTQzMQ==.html,190556812,四十九日·祭（卫视版）,9.0
sohu,http://tv.sohu.com/item/MTE4OTY1MA==.html,4893635,鹿鼎记（卫视版）,8.0
sohu,http://tv.sohu.com/item/MTE3NDU2MQ==.html,491465777,一代枭雄,7.0
sohu,http://tv.sohu.com/item/MTAzMTExOA==.html,592235894,一仆二主（普通版）,8.0
sohu,http://tv.sohu.com/item/MTE3ODM2NA==.html,74272078,大丈夫（卫视版）,8.0
sohu,http://tv.sohu.com/item/MTE5NDgxMQ==.html,475148886,我的特一营（卫视版）,8.0
sohu,http://tv.sohu.com/item/MTE5Njc3OA==.html,88454810,英雄祭,8.0
sohu,http://tv.sohu.com/item/MjI1Mjg0.html,276864127,战长沙,9.0
sohu,http://tv.sohu.com/item/MTE5NzAwMg==.html,443785768,满仓进城（卫视版）,8.0
sohu,http://tv.sohu.com/item/MTE3Nzg2OQ==.html,243175723,飞哥大英雄,8.0
sohu,http://tv.sohu.com/item/MTE4NDUzNw==.html,168742003,虎刺红,7.0
sohu,http://tv.sohu.com/item/MTE3ODY1OQ==.html,101367568,封神英雄榜（卫视版）,9.0
sohu,http://tv.sohu.com/item/MTE3NjUyNQ==.html,182793434,与狼共舞 第二部（卫视版）,8.0
sohu,http://tv.sohu.com/item/MTEwMzQxNg==.html,671282736,新济公活佛（卫视版）,8.0
sohu,http://tv.sohu.com/item/MTE4MDkzOQ==.html,196462171,妻子的秘密（卫视版）,8.0
sohu,http://tv.sohu.com/item/MjAxMTUw.html,1610455483,武媚娘传奇（湖南卫视版）,8.0
sohu,http://tv.sohu.com/item/MTE5NDY2Ng==.html,492730045,极品女士第3季,8.0
sohu,http://tv.sohu.com/item/MTE5Mzk0OA==.html,358123192,收获的季节,8.0
sohu,http://tv.sohu.com/item/MTAwMjU0MQ==.html,228716354,刀影,7.0
sohu,http://tv.sohu.com/item/MTE3ODU4Mg==.html,366860723,老兵（标准版）,8.0
sohu,http://tv.sohu.com/item/MTE5MjI5NA==.html,7326713,东江英雄刘黑仔,8.0
sohu,http://tv.sohu.com/item/MTE4OTcwMw==.html,125706217,神枪之倒刺,8.0
sohu,http://tv.sohu.com/item/MTE5NTc4Ng==.html,774844746,剑侠,8.0
sohu,http://tv.sohu.com/item/MTE5NTY3Mg==.html,1114328365,因为爱情有奇迹（卫视版）,8.0
sohu,http://tv.sohu.com/item/MTE4OTQwMw==.html,497383767,生活启示录,9.0
sohu,http://tv.sohu.com/item/MTE5NTQxOA==.html,277388273,铁血武工队传奇（卫视版）,7.0
sohu,http://tv.sohu.com/item/MTE4NjU1NQ==.html,784281679,产科男医生,8.0
sohu,http://tv.sohu.com/item/MTE5MzI4Nw==.html,55292417,妇道,7.0
sohu,http://tv.sohu.com/item/OTk3NzI2.html,19209173,薛丁山,8.0
sohu,http://tv.sohu.com/item/MTE3NDU2Ng==.html,163076200,勇士之城（卫视版）,9.0
sohu,http://tv.sohu.com/item/MTE5MjE1NQ==.html,1283073414,匆匆那年（标准版）,9.0
sohu,http://tv.sohu.com/item/MTA5ODM1NQ==.html,233057120,狙击部队（卫视版）,7.0
sohu,http://tv.sohu.com/item/MTE4NTcyNw==.html,174097385,小宝和老财,8.0
sohu,http://tv.sohu.com/item/MjA3MjE0.html,678954659,步步惊情（卫视版）,9.0
sohu,http://tv.sohu.com/item/MTE3OTY4OQ==.html,167505765,大漠枪神（卫视版）,7.0
sohu,http://tv.sohu.com/item/MTE5NDYyMg==.html,1290982662,勇敢的心（卫视版）,8.0
sohu,http://tv.sohu.com/item/MTE5Njc2NQ==.html,611547289,二炮手（卫视版）,8.0
sohu,http://tv.sohu.com/item/MTAyMzgzMw==.html,2000539960,古剑奇谭（卫视版）,9.0
sohu,http://tv.sohu.com/item/MTE4MjM1OQ==.html,391672608,男人四十要出嫁（未删减版）,8.0
sohu,http://tv.sohu.com/item/MjAyMjc5.html,1015395195,风中奇缘（卫视版）,9.0
sohu,http://tv.sohu.com/item/MTE3ODAxNg==.html,1347545080,屌丝男士第3季,9.0
sohu,http://tv.sohu.com/item/MTE4NTk2MA==.html,1472345265,神雕侠侣,8.0
sohu,http://tv.sohu.com/item/OTY3OTAx.html,379431885,父母爱情,9.0
sohu,http://tv.sohu.com/item/MTE3NjUxMQ==.html,801829164,乡村爱情 第七部（标准版）,8.0
