title,link,play_count,thumbs_up,thumbs_down,score
美人为馅,http://www.iqiyi.com/a_19rrhaltkd.html,3.79亿,0,0,
绝命后卫师,http://www.iqiyi.com/a_19rrh9vhjd.html,4561万,0,0,
锻刀,http://www.iqiyi.com/a_19rrh9urn1.html,6.21亿,0,0,
太太万岁,http://www.iqiyi.com/a_19rrh9rhq5.html,7.34亿,0,0,
中国式关系,http://www.iqiyi.com/a_19rrh9oonl.html,9.97亿,0,0,
杉杉来了,http://www.iqiyi.com/a_19rrgie1z9.html,25.83亿,0,0,
爱情公寓4,http://www.iqiyi.com/a_19rrifrm2n.html,53.35亿,0,0,
养个孩子不容易,http://www.iqiyi.com/a_19rrh9u5dh.html,3.47亿,0,0,
我不是妖怪,http://www.iqiyi.com/a_19rrh9q7a1.html,2.40亿,0,0,
妻子的谎言,http://www.iqiyi.com/a_19rrhb0om5.html,14.85亿,0,0,
骡子和金子,http://www.iqiyi.com/a_19rrh9wbh5.html,4705万,0,0,
妻子的秘密,http://www.iqiyi.com/a_19rrgia9zd.html,7.11亿,0,0,
双刺,http://www.iqiyi.com/a_19rrh9oo4h.html,3.28亿,0,0,
小别离,http://www.iqiyi.com/a_19rrhbbh01.html,18.37亿,0,0,
琅琊榜,http://www.iqiyi.com/a_19rrhc0u75.html,47.77亿,0,0,
伏击,http://www.iqiyi.com/a_19rrh9zgah.html,3681万,0,0,
欢乐颂,http://www.iqiyi.com/a_19rrhagj55.html,54.80亿,0,0,
傻根进城,http://www.iqiyi.com/a_19rrhav2kx.html,3.94亿,0,0,
遥远的距离,http://www.iqiyi.com/a_19rrhaq4o9.html,1.99亿,0,0,
暗战危城,http://www.iqiyi.com/a_19rrh9vb61.html,1.58亿,0,0,
最佳前男友,http://www.iqiyi.com/a_19rrhb6mt1.html,7.61亿,0,0,
灵魂摆渡,http://www.iqiyi.com/a_19rrgi8d91.html,15.62亿,0,0,
灵魂摆渡2,http://www.iqiyi.com/a_19rrhaxnrh.html,15.32亿,0,0,
遥远的婚约,http://www.iqiyi.com/a_19rrhaj2id.html,1.17亿,0,0,
武当,http://www.iqiyi.com/a_19rrhapwr5.html,850万,0,0,
好先生,http://www.iqiyi.com/a_19rrhbgtnx.html,38.49亿,0,0,
新还珠格格,http://www.iqiyi.com/a_19rrhc485x.html,4.03亿,0,0,
正阳门下,http://www.iqiyi.com/a_19rriftubi.html,3.02亿,0,0,
猎刃,http://www.iqiyi.com/a_19rrhal739.html,5.02亿,0,0,
平凡的世界,http://www.iqiyi.com/a_19rrhc1qy5.html,6.30亿,0,0,
武当2,http://www.iqiyi.com/a_19rrhapwf9.html,155万,0,0,
女怕嫁错郎,http://www.iqiyi.com/a_19rrh9nldp.html,2.37亿,0,0,
女医明妃传,http://www.iqiyi.com/a_19rrhc496p.html,22.99亿,0,0,
特种兵之火凤凰,http://www.iqiyi.com/a_19rrgjbgx1.html,16.93亿,0,0,
姐妹兄弟,http://www.iqiyi.com/a_19rrhaf8gd.html,2.23亿,0,0,
彭德怀元帅,http://www.iqiyi.com/a_19rrhakdyx.html,4.14亿,0,0,
家有儿女 第一部,http://www.iqiyi.com/a_19rrj6rl8l.html,4.34亿,0,0,
陆贞传奇,http://www.iqiyi.com/a_19rrjwhrvh.html,12.56亿,0,0,
解密,http://www.iqiyi.com/a_19rrhaniyh.html,13.25亿,0,0,
舌尖上的中国第一季,http://www.iqiyi.com/a_19rrk06ap5.html,1.53亿,0,0,
映山红,http://www.iqiyi.com/a_19rrh9ut7d.html,5522万,0,0,
多少爱可以重来,http://www.iqiyi.com/a_19rrhaq771.html,6.12亿,0,0,
因为爱情有幸福,http://www.iqiyi.com/a_19rrhbbked.html,15.66亿,0,0,
怒火英雄,http://www.iqiyi.com/a_19rrhbe985.html,4.11亿,0,0,
红高粱,http://www.iqiyi.com/a_19rrhbzf1l.html,17.28亿,0,0,
花开半夏,http://www.iqiyi.com/a_19rrgj9tl1.html,1.69亿,0,0,
废柴兄弟2,http://www.iqiyi.com/a_19rrhc26wp.html,5.60亿,0,0,
神探狄仁杰第二部,http://www.iqiyi.com/a_19rrk7444x.html,3.90亿,0,0,
秀丽江山之长歌行,http://www.iqiyi.com/a_19rrhb0ppp.html,18.68亿,0,0,
锦绣缘华丽冒险,http://www.iqiyi.com/a_19rrhbze5h.html,12.88亿,0,0,
突围突围,http://www.iqiyi.com/a_19rrhb0otl.html,1.25亿,0,0,
反恐特战队,http://www.iqiyi.com/a_19rrhb56rx.html,14.91亿,0,0,
士兵突击,http://www.iqiyi.com/a_19rrk2uolh.html,3.03亿,0,0,
长在面包树上的女人,http://www.iqiyi.com/a_19rrifssk3.html,5810万,0,0,
谢文东第1季,http://www.iqiyi.com/a_19rrgindcp.html,2.72亿,0,0,
来自星星的你国语版,http://www.iqiyi.com/a_19rrhadkyt.html,2.12亿,0,0,
罗龙镇女人,http://www.iqiyi.com/a_19rrhb5t19.html,3.65亿,0,0,
幸福爱人,http://www.iqiyi.com/a_19rrgifybd.html,2.22亿,0,0,
嫂子嫂子,http://www.iqiyi.com/a_19rrhbhqtt.html,5.69亿,0,0,
双刺未删减版,http://www.iqiyi.com/a_19rrh9se5l.html,901万,0,0,
隋唐英雄传,http://www.iqiyi.com/a_19rrj5onv5.html,1.75亿,0,0,
战神,http://www.iqiyi.com/a_19rrhc0jcp.html,14.16亿,0,0,
胜女的代价,http://www.iqiyi.com/a_19rrk8wkmp.html,5.11亿,0,0,
樱桃,http://www.iqiyi.com/a_19rrk17wx1.html,3.68亿,0,0,
风云,http://www.iqiyi.com/a_19rrhc04u9.html,5060万,0,0,
胜女的代价2,http://www.iqiyi.com/a_19rrgjaki9.html,1.59亿,0,0,
新包青天,http://www.iqiyi.com/a_19rrj6vgq5.html,2.47亿,0,0,
枪侠,http://www.iqiyi.com/a_19rrhbgr8t.html,8.54亿,0,0,
一代枭雄,http://www.iqiyi.com/a_19rrgjdlgd.html,6.90亿,0,0,
花千骨2015,http://www.iqiyi.com/a_19rrhb8bd1.html,18.22亿,0,0,
毛泽东,http://www.iqiyi.com/a_19rrhb75jd.html,9554万,0,0,
特种兵之火凤凰未删减版,http://www.iqiyi.com/a_19rrgjdqi9.html,2.12亿,0,0,
女娲传说之灵珠,http://www.iqiyi.com/a_19rrjaj3hd.html,2.69亿,0,0,
妻子的秘密TV版,http://www.iqiyi.com/a_19rrgiac3t.html,3.50亿,0,0,
温柔的谎言,http://www.iqiyi.com/a_19rrk2npat.html,3.07亿,0,0,
家有儿女 第四部,http://www.iqiyi.com/a_19rrj6rle5.html,1.57亿,0,0,
你是我的眼,http://www.iqiyi.com/a_19rrhadsd5.html,1.18亿,0,0,
家和万事兴,http://www.iqiyi.com/a_19rrhbahnt.html,12.87亿,0,0,
我的兄弟叫顺溜,http://www.iqiyi.com/a_19rrk3ya8t.html,7499万,0,0,
二胎时代,http://www.iqiyi.com/a_19rrhb51bl.html,4.58亿,0,0,
聊斋新编,http://www.iqiyi.com/a_19rrhb2ipl.html,6.10亿,0,0,
天使的城,http://www.iqiyi.com/a_19rrhaw575.html,4.56亿,0,0,
魔幻手机,http://www.iqiyi.com/a_19rrj5qwoh.html,1.99亿,0,0,
戴流苏耳环的少女,http://www.iqiyi.com/a_19rrhb5oat.html,6.30亿,0,0,
我的团长我的团,http://www.iqiyi.com/a_19rrk2uopt.html,2.26亿,0,0,
出关,http://www.iqiyi.com/a_19rrhaym7p.html,5416万,0,0,
浙版西游记,http://www.iqiyi.com/a_19rrj5xmat.html,1.26亿,0,0,
花姑子,http://www.iqiyi.com/a_19rrh9syyx.html,641万,0,0,
铁齿铜牙纪晓岚第一部,http://www.iqiyi.com/a_19rrj6uujp.html,1.30亿,0,0,
绝命毒师第2季,http://www.iqiyi.com/a_19rrifs3ew.html,5756万,0,0,
青岛往事,http://www.iqiyi.com/a_19rrhb4zoh.html,3.11亿,0,0,
小别离浙江卫视版,http://www.iqiyi.com/a_19rrh9mkll.html,5348万,0,0,
活色生香,http://www.iqiyi.com/a_19rrhc3oc9.html,9.18亿,0,0,
少年张三丰,http://www.iqiyi.com/a_19rrj6rn8l.html,1.51亿,0,0,
大宅门,http://www.iqiyi.com/a_19rrk57msh.html,1.70亿,0,0,
恋了爱了,http://www.iqiyi.com/a_19rrjyodel.html,3.04亿,0,0,
闯关东,http://www.iqiyi.com/a_19rrj6ueml.html,1.48亿,0,0,
两生花,http://www.iqiyi.com/a_19rrhawn21.html,7.46亿,0,0,
少年包青天Ⅱ,http://www.iqiyi.com/a_19rrj5qmjl.html,2.33亿,0,0,
刀客家族的女人,http://www.iqiyi.com/a_19rrgibvnl.html,4.80亿,0,0,
东方战场,http://www.iqiyi.com/a_19rrhap5wd.html,3.85亿,0,0,
火线三兄弟,http://www.iqiyi.com/a_19rrg6ipeh.html,5.91亿,0,0,
家有儿女 第三部,http://www.iqiyi.com/a_19rrj6rlih.html,1.85亿,0,0,
新亮剑,http://www.iqiyi.com/a_19rrk1yxyx.html,3.30亿,0,0,
妻子的谎言未删减版,http://www.iqiyi.com/a_19rrhaylr1.html,1.26亿,0,0,
爱情公寓番外篇第二季,http://www.iqiyi.com/a_19rrhbff8t.html,3.87亿,0,0,
隋唐英雄5,http://www.iqiyi.com/a_19rrhawj7t.html,2.15亿,0,0,
战长沙,http://www.iqiyi.com/a_19rrgiisd5.html,2.83亿,0,0,
麻辣女兵,http://www.iqiyi.com/a_19rrgidsa1.html,1.73亿,0,0,
七妹,http://www.iqiyi.com/a_19rrh9ubdl.html,457万,0,0,
千里雷声万里闪,http://www.iqiyi.com/a_19rrh9wk51.html,3378万,0,0,
铁齿铜牙纪晓岚第三部,http://www.iqiyi.com/a_19rrj6v9s9.html,8941万,0,0,
小李飞刀,http://www.iqiyi.com/a_19rrhbbvvh.html,5029万,0,0,
偏偏喜欢你,http://www.iqiyi.com/a_19rrhaxnc1.html,12.54亿,0,0,
樱桃红之袖珍妈妈,http://www.iqiyi.com/a_19rrhafzk9.html,3534万,0,0,
血色浪漫,http://www.iqiyi.com/a_19rrj5unmp.html,2.10亿,0,0,
大汉情缘之云中歌,http://www.iqiyi.com/a_19rrgip3zd.html,21.69亿,0,0,
插翅难逃,http://www.iqiyi.com/a_19rrhbywqh.html,4181万,0,0,
隋唐英雄4,http://www.iqiyi.com/a_19rrgib2x1.html,1.52亿,0,0,
野鸭子2,http://www.iqiyi.com/a_19rrgi9lhx.html,1.08亿,0,0,
铁血使命,http://www.iqiyi.com/a_19rrk7u9bd.html,2.98亿,0,0,
天涯赤子心,http://www.iqiyi.com/a_19rrk3olch.html,1.92亿,0,0,
俺娘田小草,http://www.iqiyi.com/a_19rrhbahb5.html,7.43亿,0,0,
绝命毒师第1季,http://www.iqiyi.com/a_19rrifrxur.html,5040万,0,0,
游击英雄,http://www.iqiyi.com/a_19rrhau4ox.html,3.45亿,0,0,
独狼,http://www.iqiyi.com/a_19rrifq2zh.html,1.28亿,0,0,
北平无战事,http://www.iqiyi.com/a_19rrhc183h.html,3.52亿,0,0,
活着再见,http://www.iqiyi.com/a_19rrhb6pu5.html,2.59亿,0,0,
壮丁也是兵,http://www.iqiyi.com/a_19rrhb1hgl.html,2.53亿,0,0,
邮差,http://www.iqiyi.com/a_19rrhakcol.html,2.91亿,0,0,
花千骨未删减版,http://www.iqiyi.com/a_19rrhb16x1.html,5.13亿,0,0,
宰相刘罗锅,http://www.iqiyi.com/a_19rrj5yac9.html,1.70亿,0,0,
侠客行,http://www.iqiyi.com/a_19rrj5uryd.html,1.54亿,0,0,
苍狼,http://www.iqiyi.com/a_19rrhc464h.html,1.02亿,0,0,
爱上查美乐,http://www.iqiyi.com/a_19rrh9sytd.html,780万,0,0,
野山鹰,http://www.iqiyi.com/a_19rrhb510t.html,7.32亿,0,0,
芈月传奇—战国红颜,http://www.iqiyi.com/a_19rrhawglx.html,4.58亿,0,0,
相爱十年,http://www.iqiyi.com/a_19rrgifoc1.html,5.64亿,0,0,
我的朋友陈白露小姐,http://www.iqiyi.com/a_19rrhadpgx.html,6.39亿,0,0,
大丈夫,http://www.iqiyi.com/a_19rrgi7bu9.html,7.87亿,0,0,
你是我的兄弟,http://www.iqiyi.com/a_19rrjaf33x.html,1.99亿,0,0,
红色通道,http://www.iqiyi.com/a_19rrhat7fh.html,2.75亿,0,0,
五号特工组2,http://www.iqiyi.com/a_19rrk02fdd.html,2.17亿,0,0,
继父回家,http://www.iqiyi.com/a_19rrhbf9v9.html,2.64亿,0,0,
东陵大盗,http://www.iqiyi.com/a_19rrhbiim1.html,8834万,0,0,
地道战,http://www.iqiyi.com/a_19rrjae3ax.html,1.04亿,0,0,
宝莲灯,http://www.iqiyi.com/a_19rrk57eb1.html,8651万,0,0,
五号特工组,http://www.iqiyi.com/a_19rrhbzno1.html,6083万,0,0,
冰与火的青春,http://www.iqiyi.com/a_19rrhb5k1l.html,7.50亿,0,0,
租个女友回家过年,http://www.iqiyi.com/a_19rrj6ufux.html,1.38亿,0,0,
终极一家,http://www.iqiyi.com/a_19rrj6viy9.html,2.46亿,0,0,
绝命毒师第3季,http://www.iqiyi.com/a_19rriftxtf.html,4613万,0,0,
屌丝女士第3季,http://www.iqiyi.com/a_19rrgi9y39.html,7477万,0,0,
红星照耀中国未删减版,http://www.iqiyi.com/a_19rrh9w99d.html,136万,0,0,
真爱之百万新娘,http://www.iqiyi.com/a_19rrhc30sh.html,3960万,0,0,
酸甜苦辣小夫妻,http://www.iqiyi.com/a_19rrhau4uh.html,2.76亿,0,0,
穷孩子富孩子,http://www.iqiyi.com/a_19rrhbb8i9.html,8261万,0,0,
重案六组第三部,http://www.iqiyi.com/a_19rrj6svjp.html,1.51亿,0,0,
豆腐西施杨七巧,http://www.iqiyi.com/a_19rrgif5st.html,1.07亿,0,0,
白衣校花与大长腿,http://www.iqiyi.com/a_19rrgiixgt.html,3.32亿,0,0,
山河恋美人无泪,http://www.iqiyi.com/a_19rrjtoiix.html,4.65亿,0,0,
石敢当之雄峙天东,http://www.iqiyi.com/a_19rrhawb4p.html,4.65亿,0,0,
地雷战,http://www.iqiyi.com/a_19rrhb9gyd.html,3.60亿,0,0,
一吻定情,http://www.iqiyi.com/a_19rrg822hd.html,2.02亿,0,0,
蜀山战纪第4季,http://www.iqiyi.com/a_19rrhbec7d.html,3.07亿,0,0,
麻辣变形计未删减版,http://www.iqiyi.com/a_19rrhasqb1.html,3975万,0,0,
精忠岳飞,http://www.iqiyi.com/a_19rrg4psih.html,5.83亿,0,0,
惊雷行动,http://www.iqiyi.com/a_19rrh9u89t.html,281万,0,0,
追鱼传奇,http://www.iqiyi.com/a_19rrgcpnmp.html,5.12亿,0,0,
大宋提刑官,http://www.iqiyi.com/a_19rrk2u67t.html,1.70亿,0,0,
与狼共舞,http://www.iqiyi.com/a_19rrgidqop.html,8577万,0,0,
王的女人,http://www.iqiyi.com/a_19rrgjatnh.html,3.29亿,0,0,
青青河边草,http://www.iqiyi.com/a_19rrk2iw05.html,8441万,0,0,
康熙微服私访记1,http://www.iqiyi.com/a_19rrjae2j5.html,1.13亿,0,0,
女人的天空,http://www.iqiyi.com/a_19rrhah745.html,1.48亿,0,0,
团圆,http://www.iqiyi.com/a_19rrk57gfh.html,8708万,0,0,
乌龙闯情关,http://www.iqiyi.com/a_19rrjae29x.html,1.66亿,0,0,
生死连,http://www.iqiyi.com/a_19rrhb1zup.html,3.89亿,0,0,
大宅门续,http://www.iqiyi.com/a_19rrhbzvfl.html,2426万,0,0,
范府大院,http://www.iqiyi.com/a_19rrk40wax.html,2719万,0,0,
刀锋1937,http://www.iqiyi.com/a_19rrj6wthh.html,1.05亿,0,0,
老农民,http://www.iqiyi.com/a_19rrhc1smx.html,3.12亿,0,0,
我的特一营,http://www.iqiyi.com/a_19rrhc0jpp.html,4.03亿,0,0,
嘻哈白蛇传,http://www.iqiyi.com/a_19rrhb6b2p.html,2979万,0,0,
蜀山战纪第2季,http://www.iqiyi.com/a_19rrhbb19h.html,2.93亿,0,0,
爸爸快长大,http://www.iqiyi.com/a_19rrhbhbfx.html,2.34亿,0,0,
绝命毒师第4季,http://www.iqiyi.com/a_19rriftt98.html,4043万,0,0,
与狼共舞2,http://www.iqiyi.com/a_19rrgjc8y9.html,2.41亿,0,0,
原来是美男,http://www.iqiyi.com/a_19rrjvtphp.html,2.23亿,0,0,
一吻定情2,http://www.iqiyi.com/a_19rrhbyywl.html,1.57亿,0,0,
爱你不放手,http://www.iqiyi.com/a_19rrhaxaf5.html,1.07亿,0,0,
海棠依旧,http://www.iqiyi.com/a_19rrharmrp.html,8430万,0,0,
如意,http://www.iqiyi.com/a_19rrk0zq3p.html,3.09亿,0,0,
前夫求爱记,http://www.iqiyi.com/a_19rrhb3lc5.html,2.21亿,0,0,
刀影,http://www.iqiyi.com/a_19rrgifxk9.html,1.35亿,0,0,
爱情公寓那些事儿,http://www.iqiyi.com/a_19rrgjefid.html,1.29亿,0,0,
炊事班的故事3,http://www.iqiyi.com/a_19rrj58gv9.html,9633万,0,0,
新萧十一郎,http://www.iqiyi.com/a_19rrhayhrp.html,8.94亿,0,0,
非缘勿扰未删减版,http://www.iqiyi.com/a_19rrg4cnpp.html,1.67亿,0,0,
我爱我家,http://www.iqiyi.com/a_19rrhbetmd.html,5097万,0,0,
陷入纯情,http://www.iqiyi.com/a_19rrhb2ldh.html,5489万,0,0,
好运罗曼史,http://www.iqiyi.com/a_19rrhao3ip.html,4604万,0,0,
狙击手,http://www.iqiyi.com/a_19rrk30cf5.html,6994万,0,0,
刑警队长,http://www.iqiyi.com/a_19rrhb3hf5.html,3.67亿,0,0,
渴望,http://www.iqiyi.com/a_19rrj6vlw1.html,4872万,0,0,
明若晓溪,http://www.iqiyi.com/a_19rrhb59at.html,7.79亿,0,0,
人鬼情缘,http://www.iqiyi.com/a_19rrhc3x1t.html,3224万,0,0,
少年神探狄仁杰,http://www.iqiyi.com/a_19rrgimhmp.html,4.88亿,0,0,
双城生活,http://www.iqiyi.com/a_19rrh9uaq9.html,358万,0,0,
水上游击队,http://www.iqiyi.com/a_19rrk1rq0l.html,2.19亿,0,0,
刀光枪影,http://www.iqiyi.com/a_19rrhaamap.html,4.38亿,0,0,
小镇大法官,http://www.iqiyi.com/a_19rrhaew15.html,8627万,0,0,
鬼丈夫,http://www.iqiyi.com/a_19rrk2iy09.html,7698万,0,0,
中国刑警803,http://www.iqiyi.com/a_19rrhb3ugl.html,1.11亿,0,0,
一又二分之一的夏天,http://www.iqiyi.com/a_19rrgiefd1.html,1.33亿,0,0,
浴火危城,http://www.iqiyi.com/a_19rrhc3y11.html,142万,0,0,
风中奇缘未删减版,http://www.iqiyi.com/a_19rrhc0wyl.html,8024万,0,0,
天师钟馗,http://www.iqiyi.com/a_19rrj6vyux.html,1.51亿,0,0,
我要当八路,http://www.iqiyi.com/a_19rrhbzisx.html,2.09亿,0,0,
爱的蜜方,http://www.iqiyi.com/a_19rrk8cezl.html,1.96亿,0,0,
爷们儿,http://www.iqiyi.com/a_19rrhc1a31.html,1.97亿,0,0,
壮士出川,http://www.iqiyi.com/a_19rrhc46vx.html,5031万,0,0,
怀玉公主,http://www.iqiyi.com/a_19rrhaqeut.html,5289万,0,0,
我的抗战之猎豹突击,http://www.iqiyi.com/a_19rrhc023d.html,1.39亿,0,0,
蜀山战纪第3季,http://www.iqiyi.com/a_19rrhbech9.html,2.65亿,0,0,
幸福请你等等我,http://www.iqiyi.com/a_19rrhbwt5l.html,1.16亿,0,0,
黑名单 第三季,http://www.iqiyi.com/a_19rrh9zcq1.html,180万,0,0,
少年黄飞鸿,http://www.iqiyi.com/a_19rrj6sve9.html,9357万,0,0,
冷风暴,http://www.iqiyi.com/a_19rrk42iyt.html,1.66亿,0,0,
大风歌,http://www.iqiyi.com/a_19rrhbdkoh.html,631万,0,0,
小姨多鹤,http://www.iqiyi.com/a_19rrj5p601.html,8433万,0,0,
黄金血道,http://www.iqiyi.com/a_19rrh9nma5.html,2.26亿,0,0,
三少爷的剑,http://www.iqiyi.com/a_19rrk45g95.html,5999万,0,0,
妈妈为我嫁,http://www.iqiyi.com/a_19rrj5rhh1.html,2049万,0,0,
非缘勿扰,http://www.iqiyi.com/a_19rrg3gcyp.html,2.95亿,0,0,
佳期如梦,http://www.iqiyi.com/a_19rrj5pghx.html,1.32亿,0,0,
康熙王朝50集版,http://www.iqiyi.com/a_19rrjs52kt.html,2.25亿,0,0,
红娘子,http://www.iqiyi.com/a_19rrk1cpyt.html,4.68亿,0,0,
泪洒女人花,http://www.iqiyi.com/a_19rrhb0w7x.html,3.84亿,0,0,
女人不哭,http://www.iqiyi.com/a_19rrj6ro1x.html,9601万,0,0,
新济公活佛下部,http://www.iqiyi.com/a_19rrhb9o2h.html,4.09亿,0,0,
大明嫔妃之长门怨,http://www.iqiyi.com/a_19rrh9pdpp.html,1138万,0,0,
大漠苍狼,http://www.iqiyi.com/a_19rrhc2wxp.html,1.49亿,0,0,
我的美女老师,http://www.iqiyi.com/a_19rrhb0pbh.html,3.42亿,0,0,
善良背后,http://www.iqiyi.com/a_19rrj5v795.html,1994万,0,0,
马向阳下乡记,http://www.iqiyi.com/a_19rrhc0njp.html,3.81亿,0,0,
马大帅3,http://www.iqiyi.com/a_19rrj58jkd.html,3758万,0,0,
像小朵一样,http://www.iqiyi.com/a_19rrhasqyt.html,3557万,0,0,
男才女貌2,http://www.iqiyi.com/a_19rrh9u8u5.html,109万,0,0,
战魂,http://www.iqiyi.com/a_19rrhawj9d.html,2.40亿,0,0,
桃花运,http://www.iqiyi.com/a_19rrhbewn5.html,3.19亿,0,0,
金水桥边,http://www.iqiyi.com/a_19rrhalznt.html,2.57亿,0,0,
向着炮火前进未删减版,http://www.iqiyi.com/a_19rrk4urbh.html,7925万,0,0,
柠檬初上,http://www.iqiyi.com/a_19rrhahnct.html,5.51亿,0,0,
嫁入豪门,http://www.iqiyi.com/a_19rrjsjszh.html,3.67亿,0,0,
雪在烧,http://www.iqiyi.com/a_19rrh9uftl.html,112万,0,0,
幸福从天而降,http://www.iqiyi.com/a_19rrgifmox.html,2.42亿,0,0,
地雷英雄传,http://www.iqiyi.com/a_19rrhbg5xp.html,3.49亿,0,0,
神犬小七第二季未删减版,http://www.iqiyi.com/a_19rrhaq6mx.html,3668万,0,0,
康熙微服私访记2,http://www.iqiyi.com/a_19rrjae2cp.html,7471万,0,0,
生死线,http://www.iqiyi.com/a_19rrj5qljh.html,1.17亿,0,0,
婆媳的战国时代,http://www.iqiyi.com/a_19rrhaylu5.html,2.41亿,0,0,
粉红女郎,http://www.iqiyi.com/a_19rrk57nk5.html,5064万,0,0,
解忧买手店,http://www.iqiyi.com/a_19rrh9x79x.html,5378万,0,0,
欢天喜地俏冤家,http://www.iqiyi.com/a_19rrgii9w1.html,2.13亿,0,0,
左手劈刀,http://www.iqiyi.com/a_19rrhb8ee1.html,4.19亿,0,0,
抓住彩虹的男人,http://www.iqiyi.com/a_19rrhawn9h.html,6.66亿,0,0,
青春烈火,http://www.iqiyi.com/a_19rrgifnsx.html,3.33亿,0,0,
康熙微服私访记3,http://www.iqiyi.com/a_19rrjae2e9.html,7932万,0,0,
美人如画,http://www.iqiyi.com/a_19rrgifsv5.html,1.45亿,0,0,
幸福满屋,http://www.iqiyi.com/a_19rrhas2r5.html,2.00亿,0,0,
十二生肖传奇,http://www.iqiyi.com/a_19rrjaccw9.html,2.13亿,0,0,
我的爱情撞上了战争,http://www.iqiyi.com/a_19rrhaqs4p.html,3.93亿,0,0,
太平公主秘史,http://www.iqiyi.com/a_19rrk0fqkd.html,2.92亿,0,0,
一起用餐吧2,http://www.iqiyi.com/a_19rrhbho91.html,5383万,0,0,
案发现场2,http://www.iqiyi.com/a_19rrhbdm5h.html,4129万,0,0,
末路1997,http://www.iqiyi.com/a_19rrhbcfr1.html,2002万,0,0,
急诊室故事,http://www.iqiyi.com/a_19rrhc2jw9.html,1.00亿,0,0,
黑洞,http://www.iqiyi.com/a_19rrhc05gh.html,3005万,0,0,
狼牙英雄,http://www.iqiyi.com/a_19rrifu0th.html,1.71亿,0,0,
妈妈向前冲,http://www.iqiyi.com/a_19rrhb5j0p.html,2.11亿,0,0,
婆媳过招,http://www.iqiyi.com/a_19rrhb6w1x.html,106万,0,0,
食神,http://www.iqiyi.com/a_19rrhb7ch9.html,1549万,0,0,
温州两家人,http://www.iqiyi.com/a_19rrhbep1h.html,2.70亿,0,0,
陆小凤与花满楼,http://www.iqiyi.com/a_19rrhc1wep.html,3.76亿,0,0,
最美的时光未删减版,http://www.iqiyi.com/a_19rrgj96v9.html,9785万,0,0,
青春集结号,http://www.iqiyi.com/a_19rrhbbkh5.html,3.79亿,0,0,
王贵与安娜,http://www.iqiyi.com/a_19rrj6sue5.html,4912万,0,0,
女怕嫁错郎未删减版,http://www.iqiyi.com/a_19rrh9ws8x.html,300万,0,0,
别逼我结婚,http://www.iqiyi.com/a_19rrhbk4bt.html,1.60亿,0,0,
雪山飞狐聂远版,http://www.iqiyi.com/a_19rrhbznmh.html,2618万,0,0,
三八线,http://www.iqiyi.com/a_19rrhakdul.html,4.78亿,0,0,
知青,http://www.iqiyi.com/a_19rrgiitlh.html,5208万,0,0,
清网行动,http://www.iqiyi.com/a_19rrhc3i3l.html,8656万,0,0,
就想爱着你,http://www.iqiyi.com/a_19rrj5ut3p.html,1.72亿,0,0,
利箭纵横,http://www.iqiyi.com/a_19rrgjefmp.html,1.60亿,0,0,
乾隆王朝,http://www.iqiyi.com/a_19rrj6uso1.html,9669万,0,0,
刺蝶,http://www.iqiyi.com/a_19rrhb8rp1.html,1.67亿,0,0,
不是钱的事,http://www.iqiyi.com/a_19rrhafa85.html,4197万,0,0,
东北剿匪记,http://www.iqiyi.com/a_19rrhayuxt.html,1.84亿,0,0,
美丽谎言,http://www.iqiyi.com/a_19rrhc458t.html,3738万,0,0,
大宋提刑官2,http://www.iqiyi.com/a_19rrk2tvfl.html,6485万,0,0,
涛女郎,http://www.iqiyi.com/a_19rrgig0kt.html,2.20亿,0,0,
传奇皇帝朱元璋,http://www.iqiyi.com/a_19rrhaqet9.html,1204万,0,0,
代号蓝色行动,http://www.iqiyi.com/a_19rrh9uayt.html,429万,0,0,
吸血鬼检察官2,http://www.iqiyi.com/a_19rrgjcufp.html,4143万,0,0,
上海王,http://www.iqiyi.com/a_19rrgif1oh.html,5602万,0,0,
爸爸父亲爹,http://www.iqiyi.com/a_19rrhb1t75.html,1.88亿,0,0,
娘家的故事3,http://www.iqiyi.com/a_19rrk2jfw9.html,1.50亿,0,0,
邻家花美男,http://www.iqiyi.com/a_19rrgjcv69.html,1.67亿,0,0,
乡村名流,http://www.iqiyi.com/a_19rrhbdl1h.html,5711万,0,0,
神枪手,http://www.iqiyi.com/a_19rrj6um7l.html,7536万,0,0,
东北一家人,http://www.iqiyi.com/a_19rrjszibx.html,1.62亿,0,0,
钻石豪门,http://www.iqiyi.com/a_19rrj6uvft.html,3475万,0,0,
敢死队,http://www.iqiyi.com/a_19rrh9wogp.html,255万,0,0,
继父,http://www.iqiyi.com/a_19rrh9w6ll.html,63.4万,0,0,
单亲妈妈,http://www.iqiyi.com/a_19rrj5o8sp.html,4694万,0,0,
蝴蝶飞飞,http://www.iqiyi.com/a_19rrhc06t5.html,2387万,0,0,
新神探联盟,http://www.iqiyi.com/a_19rrh9ouv1.html,1052万,0,0,
剑谍,http://www.iqiyi.com/a_19rrj5rjr1.html,9747万,0,0,
神探狄仁杰,http://www.iqiyi.com/a_19rrhbyzcd.html,5095万,0,0,
天不藏奸,http://www.iqiyi.com/a_19rrhbdnb5.html,1908万,0,0,
我的抗战之铁血轻奇兵,http://www.iqiyi.com/a_19rrhayyl5.html,1.35亿,0,0,
何以笙箫默精华版,http://www.iqiyi.com/a_19rrhaviud.html,2227万,0,0,
完美新娘,http://www.iqiyi.com/a_19rrgieqyp.html,2269万,0,0,
一触即发,http://www.iqiyi.com/a_19rrk7wusl.html,1.88亿,0,0,
牛郎织女,http://www.iqiyi.com/a_19rrj6smzx.html,4926万,0,0,
婚姻攻防战之爱要付出,http://www.iqiyi.com/a_19rrhbd5pp.html,7923万,0,0,
敌后便衣队传奇,http://www.iqiyi.com/a_19rrhavipp.html,5620万,0,0,
花样少年少女,http://www.iqiyi.com/a_19rrhc3m2x.html,3558万,0,0,
小爸妈,http://www.iqiyi.com/a_19rrhb4chd.html,2.72亿,0,0,
青春期撞上更年期2,http://www.iqiyi.com/a_19rrjpuzh1.html,2.72亿,0,0,
出关未删减版,http://www.iqiyi.com/a_19rrhb2vgl.html,931万,0,0,
利箭行动,http://www.iqiyi.com/a_19rrhbk8ax.html,4091万,0,0,
伙伴夫妻,http://www.iqiyi.com/a_19rrhayyr1.html,7759万,0,0,
陆贞传奇未删减版,http://www.iqiyi.com/a_19rrjwhvx9.html,2.58亿,0,0,
热血,http://www.iqiyi.com/a_19rrhbfqf1.html,4.03亿,0,0,
涩世纪传说,http://www.iqiyi.com/a_19rrhavikt.html,6.04亿,0,0,
聊斋之龙飞相公,http://www.iqiyi.com/a_19rrh9sz39.html,320万,0,0,
当婆婆遇上妈之欢喜冤家,http://www.iqiyi.com/a_19rrhbk4ld.html,1.02亿,0,0,
重返大福村,http://www.iqiyi.com/a_19rrh9udzx.html,246万,0,0,
向着炮火前进,http://www.iqiyi.com/a_19rrk4nrux.html,3.34亿,0,0,
案发现场,http://www.iqiyi.com/a_19rrhbddz9.html,2147万,0,0,
哑女情深,http://www.iqiyi.com/a_19rrh9o0nt.html,766万,0,0,
大汉天子2,http://www.iqiyi.com/a_19rrk3qsy5.html,5030万,0,0,
特殊争夺,http://www.iqiyi.com/a_19rrh9uajt.html,191万,0,0,
就这么狐闹,http://www.iqiyi.com/a_19rrh9uy71.html,284万,0,0,
情锁,http://www.iqiyi.com/a_19rrhc30jh.html,3648万,0,0,
杨光的夏天,http://www.iqiyi.com/a_19rrhc4679.html,2389万,0,0,
胭脂红,http://www.iqiyi.com/a_19rrhbdf7l.html,273万,0,0,
我的媳妇是女王,http://www.iqiyi.com/a_19rrhb51ct.html,3.46亿,0,0,
加油爱人,http://www.iqiyi.com/a_19rrgidhkp.html,1.17亿,0,0,
狼毒花,http://www.iqiyi.com/a_19rrj5z7jl.html,9798万,0,0,
不可思议的夏天,http://www.iqiyi.com/a_19rrhbkfd5.html,1.21亿,0,0,
大村官之放飞梦想,http://www.iqiyi.com/a_19rrhazsr5.html,7571万,0,0,
南少林三十六房,http://www.iqiyi.com/a_19rrhc3t5x.html,1311万,0,0,
水云间,http://www.iqiyi.com/a_19rrk2iy9h.html,3162万,0,0,
牵牛的夏天,http://www.iqiyi.com/a_19rrk02g31.html,1.30亿,0,0,
超能快递侠,http://www.iqiyi.com/a_19rrhaooql.html,5214万,0,0,
吸血鬼检察官,http://www.iqiyi.com/a_19rrgjcx21.html,5317万,0,0,
天天有喜2之人间有爱未删减版,http://www.iqiyi.com/a_19rrha9kmt.html,1.11亿,0,0,
太阳的后裔制作特辑,http://www.iqiyi.com/a_19rrhahfat.html,8133万,0,0,
爱你一生,http://www.iqiyi.com/a_19rrhayyip.html,7162万,0,0,
关东大先生,http://www.iqiyi.com/a_19rrk2im9p.html,5821万,0,0,
隋唐英雄5TV版,http://www.iqiyi.com/a_19rrhb00zh.html,9193万,0,0,
大刀,http://www.iqiyi.com/a_19rrjt18c1.html,7054万,0,0,
中国式离婚,http://www.iqiyi.com/a_19rrj6svzh.html,2390万,0,0,
尖刀出鞘,http://www.iqiyi.com/a_19rrhbzrsx.html,1.89亿,0,0,
女人何苦为难女人,http://www.iqiyi.com/a_19rrh9nwlh.html,368万,0,0,
烽火儿女情,http://www.iqiyi.com/a_19rrjw7thl.html,1.16亿,0,0,
烽火铁骑,http://www.iqiyi.com/a_19rrhc469p.html,2302万,0,0,
小小飞虎队,http://www.iqiyi.com/a_19rrk3aurh.html,1.00亿,0,0,
穿越谜团,http://www.iqiyi.com/a_19rrhac9dl.html,1.19亿,0,0,
唐琅探案,http://www.iqiyi.com/a_19rrk3xmch.html,6442万,0,0,
末代皇帝传奇,http://www.iqiyi.com/a_19rrhaycb1.html,9593万,0,0,
狼烟遍地,http://www.iqiyi.com/a_19rrgi71p5.html,1.27亿,0,0,
现代美女,http://www.iqiyi.com/a_19rrj5q71p.html,1472万,0,0,
解密未删减版,http://www.iqiyi.com/a_19rrhannc1.html,4375万,0,0,
我的父亲母亲,http://www.iqiyi.com/a_19rrgc7bd1.html,1.67亿,0,0,
立案侦查,http://www.iqiyi.com/a_19rrh9ugix.html,79.8万,0,0,
未婚妻,http://www.iqiyi.com/a_19rrgjbjm1.html,1.03亿,0,0,
坐88路车回家,http://www.iqiyi.com/a_19rrhb2pjl.html,1.03亿,0,0,
飞刀又见飞刀,http://www.iqiyi.com/a_19rrhbb31p.html,2255万,0,0,
爱情不打烊,http://www.iqiyi.com/a_19rrhb1yr9.html,4877万,0,0,
国家机密2,http://www.iqiyi.com/a_19rrhatu4x.html,1394万,0,0,
绝色双娇,http://www.iqiyi.com/a_19rrhc405d.html,1689万,0,0,
男神执事团,http://www.iqiyi.com/a_19rrhax1ch.html,6619万,0,0,
战火连天,http://www.iqiyi.com/a_19rrhbb8dx.html,6144万,0,0,
精卫填海,http://www.iqiyi.com/a_19rrhc389t.html,5741万,0,0,
旗袍,http://www.iqiyi.com/a_19rrhb6pr1.html,1300万,0,0,
铁血壮士,http://www.iqiyi.com/a_19rrjwpqix.html,1.92亿,0,0,
后海不是海,http://www.iqiyi.com/a_19rrhb18tl.html,1.42亿,0,0,
五星红旗迎风飘扬2,http://www.iqiyi.com/a_19rrhbcf41.html,1849万,0,0,
婆婆媳妇小姑,http://www.iqiyi.com/a_19rrj6wqdd.html,2880万,0,0,
婚姻料理,http://www.iqiyi.com/a_19rrhc0ef5.html,4834万,0,0,
关中匪事,http://www.iqiyi.com/a_19rrk3rfmt.html,4019万,0,0,
东北一家人3,http://www.iqiyi.com/a_19rrjtc6jd.html,4667万,0,0,
剿匪英雄,http://www.iqiyi.com/a_19rrhc2541.html,1.29亿,0,0,
燃烧的玫瑰,http://www.iqiyi.com/a_19rrh9ug11.html,62.5万,0,0,
我们的纯真年代,http://www.iqiyi.com/a_19rrhb8bpd.html,6194万,0,0,
石榴红了,http://www.iqiyi.com/a_19rrjsza4x.html,1.33亿,0,0,
楚留香传奇,http://www.iqiyi.com/a_19rrj5qe25.html,7741万,0,0,
你好外星人,http://www.iqiyi.com/a_19rrgie1kp.html,1.50亿,0,0,
特殊案件专门小组,http://www.iqiyi.com/a_19rrgjcx6d.html,2763万,0,0,
燕子李三,http://www.iqiyi.com/a_19rrhbcgu9.html,1246万,0,0,
爱的多米诺,http://www.iqiyi.com/a_19rrgiecd9.html,5077万,0,0,
因为爱情有幸福未删减版,http://www.iqiyi.com/a_19rrhacuzh.html,1.30亿,0,0,
大年初一立春,http://www.iqiyi.com/a_19rrhadrld.html,2.57亿,0,0,
江南锄奸,http://www.iqiyi.com/a_19rrj60umx.html,5350万,0,0,
二十四道拐,http://www.iqiyi.com/a_19rrhb8tjt.html,1.54亿,0,0,
恋上黑天使,http://www.iqiyi.com/a_19rrhbaw0d.html,1.90亿,0,0,
逗爱男女,http://www.iqiyi.com/a_19rrhao1fp.html,2692万,0,0,
夺宝传奇,http://www.iqiyi.com/a_19rrhb7oyp.html,2.38亿,0,0,
宝乐婶的烦心事,http://www.iqiyi.com/a_19rrk6xr5t.html,8779万,0,0,
来自星星的继承者们,http://www.iqiyi.com/a_19rrhc0ay1.html,1.39亿,0,0,
中国式相亲,http://www.iqiyi.com/a_19rrhc343p.html,1091万,0,0,
中国骑兵,http://www.iqiyi.com/a_19rrk744wl.html,1.94亿,0,0,
带泪梨花之美丽重生,http://www.iqiyi.com/a_19rrhb6pvp.html,1497万,0,0,
天火传说,http://www.iqiyi.com/a_19rrhc3q6p.html,1812万,0,0,
特殊使命,http://www.iqiyi.com/a_19rrj6uph9.html,4001万,0,0,
踏破硝烟,http://www.iqiyi.com/a_19rrhao9xl.html,2.64亿,0,0,
七剑下天山,http://www.iqiyi.com/a_19rrhbznqt.html,2971万,0,0,
逗爱男女第2季,http://www.iqiyi.com/a_19rrh9urk9.html,323万,0,0,
孽缘,http://www.iqiyi.com/a_19rrj5ocph.html,7473万,0,0,
白狼,http://www.iqiyi.com/a_19rrjaj83x.html,9897万,0,0,
如来神掌,http://www.iqiyi.com/a_19rrhbb361.html,3526万,0,0,
灰姑娘的姐姐,http://www.iqiyi.com/a_19rrjamlnd.html,1.10亿,0,0,
永不瞑目,http://www.iqiyi.com/a_19rrj6umz9.html,3011万,0,0,
港媳嫁到,http://www.iqiyi.com/a_19rrhal7d5.html,1.66亿,0,0,
怎么会爱上你,http://www.iqiyi.com/a_19rrhbc379.html,1336万,0,0,
杨光的爱情故事,http://www.iqiyi.com/a_19rrh9u7n5.html,158万,0,0,
红日,http://www.iqiyi.com/a_19rrj6v3m1.html,6072万,0,0,
胜女的代价2未删减版,http://www.iqiyi.com/a_19rrifssgb.html,7339万,0,0,
流星蝴蝶剑,http://www.iqiyi.com/a_19rrj5ygxl.html,9311万,0,0,
婚姻时差,http://www.iqiyi.com/a_19rrhb2hbp.html,1.30亿,0,0,
12.1枪杀大案,http://www.iqiyi.com/a_19rrhb7hw5.html,992万,0,0,
克拉之恋,http://www.iqiyi.com/a_19rrhb4tpx.html,9237万,0,0,
沧海,http://www.iqiyi.com/a_19rrjaimt9.html,2545万,0,0,
走出监狱的女人,http://www.iqiyi.com/a_19rrhc3q1t.html,1756万,0,0,
天伦,http://www.iqiyi.com/a_19rrhacikl.html,1.50亿,0,0,
青年医生未删减版,http://www.iqiyi.com/a_19rrhbzqix.html,7975万,0,0,
夫妻的春天,http://www.iqiyi.com/a_19rrj5wnp9.html,39.9万,0,0,
绝不放过你,http://www.iqiyi.com/a_19rrhapw7t.html,1977万,0,0,
锦绣缘华丽冒险未删减版,http://www.iqiyi.com/a_19rrhaywqd.html,5315万,0,0,
龙门村的故事,http://www.iqiyi.com/a_19rrh9ueit.html,68.1万,0,0,
孝子,http://www.iqiyi.com/a_19rrh9o1oh.html,586万,0,0,
青春正能量之我是女神,http://www.iqiyi.com/a_19rrhc2e1t.html,1.61亿,0,0,
遍地狼烟,http://www.iqiyi.com/a_19rrjzts6h.html,1.31亿,0,0,
铁骨芳心,http://www.iqiyi.com/a_19rrk3esqx.html,4458万,0,0,
川东游击队,http://www.iqiyi.com/a_19rrhc37ap.html,7651万,0,0,
午夜阳光,http://www.iqiyi.com/a_19rrjt29f9.html,6990万,0,0,
大宋奇案,http://www.iqiyi.com/a_19rrhbdku1.html,1015万,0,0,
海狼行动,http://www.iqiyi.com/a_19rrj60vk9.html,9866万,0,0,
新一剪梅,http://www.iqiyi.com/a_19rrj5oqil.html,3712万,0,0,
幸福的眼泪,http://www.iqiyi.com/a_19rrhb9grx.html,922万,0,0,
喜耕田的故事第二部,http://www.iqiyi.com/a_19rrj6ujjp.html,2702万,0,0,
中国家庭,http://www.iqiyi.com/a_19rrj5oh15.html,3543万,0,0,
极品妈妈,http://www.iqiyi.com/a_19rrh9muv5.html,863万,0,0,
因为爱,http://www.iqiyi.com/a_19rrgijrad.html,1.10亿,0,0,
爱情回来了TV版,http://www.iqiyi.com/a_19rrginmp9.html,1.35亿,0,0,
美丽的秘密未删减版,http://www.iqiyi.com/a_19rrhbgic9.html,1.09亿,0,0,
红楼梦越剧版,http://www.iqiyi.com/a_19rrhbc53t.html,645万,0,0,
我是机器人,http://www.iqiyi.com/a_19rrhb6sk1.html,1.38亿,0,0,
致命追踪,http://www.iqiyi.com/a_19rrhatyf1.html,1171万,0,0,
新神探联盟之包大人来了,http://www.iqiyi.com/a_19rriftvm9.html,1.79亿,0,0,
因为爱情有幸福之二,http://www.iqiyi.com/a_19rrhagz65.html,6885万,0,0,
舰在亚丁湾,http://www.iqiyi.com/a_19rrhc0v5d.html,7581万,0,0,
爱的保镖,http://www.iqiyi.com/a_19rrhbvhh5.html,5273万,0,0,
大村官,http://www.iqiyi.com/a_19rrgi9jxl.html,6432万,0,0,
追着幸福跑,http://www.iqiyi.com/a_19rrh9u5kx.html,101万,0,0,
待嫁老爸,http://www.iqiyi.com/a_19rrhb3779.html,1.45亿,0,0,
天地传说之鱼美人,http://www.iqiyi.com/a_19rrj5sc01.html,5605万,0,0,
血刃,http://www.iqiyi.com/a_19rrhay5nd.html,1.12亿,0,0,
孤雁,http://www.iqiyi.com/a_19rrhbbih1.html,1.61亿,0,0,
不能没有家,http://www.iqiyi.com/a_19rrhazryl.html,4014万,0,0,
女法医,http://www.iqiyi.com/a_19rrhbdjy1.html,712万,0,0,
百万新娘之爱无悔未删减版,http://www.iqiyi.com/a_19rrjp81k9.html,1.85亿,0,0,
因为是第一次,http://www.iqiyi.com/a_19rrhbho4d.html,3962万,0,0,
鸳鸯佩,http://www.iqiyi.com/a_19rrhb8h9d.html,3.52亿,0,0,
凤凰牡丹,http://www.iqiyi.com/a_19rrjs0jlp.html,1.61亿,0,0,
势不两立,http://www.iqiyi.com/a_19rrhc1jgh.html,9259万,0,0,
唐山大地震,http://www.iqiyi.com/a_19rrjwf6nl.html,1.55亿,0,0,
情断上海滩,http://www.iqiyi.com/a_19rrh9n6m9.html,339万,0,0,
当人心遇上仁心,http://www.iqiyi.com/a_19rrhay3b9.html,7510万,0,0,
金牌律师,http://www.iqiyi.com/a_19rrgie4bp.html,9709万,0,0,
假如我有超能力,http://www.iqiyi.com/a_19rrhagblh.html,1.94亿,0,0,
神秘人质,http://www.iqiyi.com/a_19rrifsnfz.html,1.37亿,0,0,
无贼,http://www.iqiyi.com/a_19rrgjdj1l.html,1.33亿,0,0,
检察官手记,http://www.iqiyi.com/a_19rrgiiy09.html,203万,0,0,
异镇,http://www.iqiyi.com/a_19rrgi93gd.html,2.33亿,0,0,
步步惊情网络完整版,http://www.iqiyi.com/a_19rrgi98j9.html,7022万,0,0,
代号九耳犬,http://www.iqiyi.com/a_19rrgi9fvp.html,7408万,0,0,
真爱惹麻烦,http://www.iqiyi.com/a_19rrgjadnt.html,1.32亿,0,0,
私房钱,http://www.iqiyi.com/a_19rrhbcm0d.html,1.14亿,0,0,
为你钟情,http://www.iqiyi.com/a_19rrj6sb0x.html,2047万,0,0,
我的儿子是奇葩,http://www.iqiyi.com/a_19rrgi7vph.html,3.56亿,0,0,
新京华烟云,http://www.iqiyi.com/a_19rrhavoxh.html,6101万,0,0,
绝爱35集版,http://www.iqiyi.com/a_19rrhc3bpx.html,3648万,0,0,
天机谜第1季,http://www.iqiyi.com/a_19rrhauntt.html,5160万,0,0,
小房东,http://www.iqiyi.com/a_19rrh9u4yp.html,189万,0,0,
错爱2,http://www.iqiyi.com/a_19rrhau12x.html,794万,0,0,
铁血雄心,http://www.iqiyi.com/a_19rrhb6plt.html,1580万,0,0,
外来媳妇本地郎第一部,http://www.iqiyi.com/a_19rrhb39bl.html,2323万,0,0,
雪狼谷,http://www.iqiyi.com/a_19rrgidqcd.html,7572万,0,0,
英雄戟之影子战士,http://www.iqiyi.com/a_19rrhb646l.html,2.09亿,0,0,
苍天有泪,http://www.iqiyi.com/a_19rrk2ixgt.html,4652万,0,0,
破阵,http://www.iqiyi.com/a_19rrhbahu9.html,1.06亿,0,0,
玉观音,http://www.iqiyi.com/a_19rrj6vfip.html,6200万,0,0,
追鱼传奇未删减版,http://www.iqiyi.com/a_19rrgcthql.html,2.83亿,0,0,
毛泽东三兄弟,http://www.iqiyi.com/a_19rrhap9m5.html,8862万,0,0,
爱闪亮,http://www.iqiyi.com/a_19rrgj9k5t.html,3.10亿,0,0,
漂亮男人,http://www.iqiyi.com/a_19rrgjbcdx.html,2.66亿,0,0,
流泪的新娘,http://www.iqiyi.com/a_19rrjz8qrp.html,7681万,0,0,
我的糟糠之妻,http://www.iqiyi.com/a_19rrhav0a1.html,559万,0,0,
达摩祖师,http://www.iqiyi.com/a_19rrhbzlfl.html,2284万,0,0,
翠兰的爱情,http://www.iqiyi.com/a_19rrhc0ag5.html,5861万,0,0,
地下铁,http://www.iqiyi.com/a_19rrj64wvh.html,4865万,0,0,
虎刺红,http://www.iqiyi.com/a_19rrgicuhh.html,2.12亿,0,0,
小男人遇上大女人,http://www.iqiyi.com/a_19rrgiimip.html,3504万,0,0,
妈妈再爱我一次,http://www.iqiyi.com/a_19rrj6x5tl.html,3713万,0,0,
漂亮主妇,http://www.iqiyi.com/a_19rrhc35kd.html,2005万,0,0,
外来媳妇本地郎第三部,http://www.iqiyi.com/a_19rrhb3c85.html,1521万,0,0,
边城汉子,http://www.iqiyi.com/a_19rrjae2op.html,9455万,0,0,
武媚娘传奇未删减版,http://www.iqiyi.com/a_19rrhc1qup.html,2.00亿,0,0,
武神赵子龙未删减版,http://www.iqiyi.com/a_19rrhaj5bt.html,2.53亿,0,0,
甘十九妹,http://www.iqiyi.com/a_19rrhc3zj9.html,2338万,0,0,
葵花进城,http://www.iqiyi.com/a_19rrhatpwt.html,1340万,0,0,
多情江山未删减版,http://www.iqiyi.com/a_19rrhbbi9l.html,5362万,0,0,
家有一老,http://www.iqiyi.com/a_19rrhaw7k9.html,7666万,0,0,
仙侠剑,http://www.iqiyi.com/a_19rrhb5jmt.html,3.30亿,0,0,
一个鬼子都不留,http://www.iqiyi.com/a_19rrjppoi5.html,2.96亿,0,0,
兵变1938,http://www.iqiyi.com/a_19rrhaw48h.html,483万,0,0,
因为爱情有奇迹未删减版,http://www.iqiyi.com/a_19rrhbz2rx.html,8349万,0,0,
生死翻盘,http://www.iqiyi.com/a_19rrhadrh1.html,4.79亿,0,0,
大汉天子3,http://www.iqiyi.com/a_19rrk3qpol.html,2547万,0,0,
老爸回家,http://www.iqiyi.com/a_19rrgiaoqh.html,6979万,0,0,
二号交通站,http://www.iqiyi.com/a_19rrhbc0pd.html,1987万,0,0,
瑶山大剿匪,http://www.iqiyi.com/a_19rrk1pu2x.html,1.23亿,0,0,
仁显王后的男人,http://www.iqiyi.com/a_19rrgjcun5.html,1.00亿,0,0,
铁血独立营,http://www.iqiyi.com/a_19rrhbb8bt.html,3959万,0,0,
王保长新篇,http://www.iqiyi.com/a_19rrhc47zh.html,1848万,0,0,
游击兵工厂,http://www.iqiyi.com/a_19rrgiimr1.html,8772万,0,0,
回家的欲望,http://www.iqiyi.com/a_19rrk3gps1.html,5558万,0,0,
特战先锋,http://www.iqiyi.com/a_19rrj5v1wh.html,1.30亿,0,0,
护国军魂传奇,http://www.iqiyi.com/a_19rrh9wng9.html,214万,0,0,
亲情暖我心,http://www.iqiyi.com/a_19rrhake21.html,1.06亿,0,0,
国色天香,http://www.iqiyi.com/a_19rrk39f71.html,7926万,0,0,
犀利仁师,http://www.iqiyi.com/a_19rrgibkj5.html,4.27亿,0,0,
白衣校花与大长腿2番外篇,http://www.iqiyi.com/a_19rrhavptt.html,2652万,0,0,
伤城之恋,http://www.iqiyi.com/a_19rrhbb565.html,2202万,0,0,
草根王,http://www.iqiyi.com/a_19rrjaa7zh.html,1838万,0,0,
独生子,http://www.iqiyi.com/a_19rrgi75gx.html,1.28亿,0,0,
铁在烧,http://www.iqiyi.com/a_19rrhaw7z1.html,5.71亿,0,0,
恋爱的那点事儿,http://www.iqiyi.com/a_19rrgjdfzh.html,2.78亿,0,0,
尖刀战士,http://www.iqiyi.com/a_19rrh9wn6d.html,216万,0,0,
玉海棠,http://www.iqiyi.com/a_19rrhamszd.html,4.77亿,0,0,
战火兵魂,http://www.iqiyi.com/a_19rrgjc6rp.html,1.49亿,0,0,
杨光的新生活,http://www.iqiyi.com/a_19rrj5quvh.html,5262万,0,0,
婚前协议,http://www.iqiyi.com/a_19rrhayk4p.html,1.70亿,0,0,
妇道,http://www.iqiyi.com/a_19rrhc3kc1.html,1.51亿,0,0,
新四大名捕,http://www.iqiyi.com/a_19rrhbzuvl.html,2230万,0,0,
千金女贼未删减版,http://www.iqiyi.com/a_19rrhaw7qp.html,6433万,0,0,
人物志水浒传,http://www.iqiyi.com/a_19rrhc3yvh.html,1313万,0,0,
嘿！真不是闹着玩的,http://www.iqiyi.com/a_19rrhawb91.html,1.11亿,0,0,
半生缘,http://www.iqiyi.com/a_19rrk3i97t.html,4712万,0,0,
真爱遇到他未删减版,http://www.iqiyi.com/a_19rrgif8sx.html,2326万,0,0,
少年大钦差,http://www.iqiyi.com/a_19rrj5qvvx.html,4650万,0,0,
小明和他的小伙伴们,http://www.iqiyi.com/a_19rrhaxydd.html,2475万,0,0,
魔界之龙珠,http://www.iqiyi.com/a_19rrhavhbt.html,4978万,0,0,
绝代双骄林志颖版,http://www.iqiyi.com/a_19rrhbzuc5.html,1723万,0,0,
天涯明月刀,http://www.iqiyi.com/a_19rrjzj1th.html,3.66亿,0,0,
爱情自有天意,http://www.iqiyi.com/a_19rrjs4eld.html,4.82亿,0,0,
暗战,http://www.iqiyi.com/a_19rrh9n3v9.html,414万,0,0,
16个夏天,http://www.iqiyi.com/a_19rrgiiy9h.html,2.89亿,0,0,
闺中密友,http://www.iqiyi.com/a_19rrgj99rd.html,1.33亿,0,0,
爱在离别时,http://www.iqiyi.com/a_19rrj5qirp.html,2398万,0,0,
带泪梨花,http://www.iqiyi.com/a_19rrh9mknp.html,891万,0,0,
朱德元帅,http://www.iqiyi.com/a_19rrh9pbuh.html,264万,0,0,
东江英雄刘黑仔,http://www.iqiyi.com/a_19rrhc1shd.html,2.67亿,0,0,
奇妙的时光之旅,http://www.iqiyi.com/a_19rrham695.html,6.17亿,0,0,
倾城绝恋,http://www.iqiyi.com/a_19rrjrkuud.html,2.18亿,0,0,
加油吧实习生未删减版,http://www.iqiyi.com/a_19rrhb6b5t.html,1.32亿,0,0,
双面胶,http://www.iqiyi.com/a_19rrhb6lkl.html,1980万,0,0,
对与决,http://www.iqiyi.com/a_19rrh9mn0p.html,1.63亿,0,0,
新版马永贞,http://www.iqiyi.com/a_19rrjwep15.html,1.58亿,0,0,
终极对决,http://www.iqiyi.com/a_19rrhb94rh.html,2.91亿,0,0,
老婆大人是80后,http://www.iqiyi.com/a_19rrhbhqwl.html,2.87亿,0,0,
山城棒棒军,http://www.iqiyi.com/a_19rrhb9xed.html,936万,0,0,
奶爸的爱情生活,http://www.iqiyi.com/a_19rrhaa8xx.html,1.11亿,0,0,
铁血尖刀,http://www.iqiyi.com/a_19rrhc0d9l.html,1.22亿,0,0,
我是一棵小草,http://www.iqiyi.com/a_19rrj5ocz9.html,1.03亿,0,0,
来电奇缘,http://www.iqiyi.com/a_19rrhb71xx.html,1895万,0,0,
少林寺传奇藏经阁,http://www.iqiyi.com/a_19rrhc3mvl.html,2.92亿,0,0,
铁梨花,http://www.iqiyi.com/a_19rrj5oopx.html,1.81亿,0,0,
特警力量未删减版,http://www.iqiyi.com/a_19rrhb1km9.html,1.17亿,0,0,
叫一声妈妈,http://www.iqiyi.com/a_19rrj63xg9.html,2142万,0,0,
凤穿牡丹,http://www.iqiyi.com/a_19rrj6vbmh.html,7098万,0,0,
硬骨头,http://www.iqiyi.com/a_19rrhas2wp.html,4.28亿,0,0,
一千滴眼泪,http://www.iqiyi.com/a_19rrhbidhp.html,1.07亿,0,0,
无敌县令,http://www.iqiyi.com/a_19rrj6ukux.html,1.03亿,0,0,
天道,http://www.iqiyi.com/a_19rrhay23d.html,523万,0,0,
乾隆秘史,http://www.iqiyi.com/a_19rrhahwvt.html,2.40亿,0,0,
杨光的快乐生活2,http://www.iqiyi.com/a_19rrj5q6op.html,2304万,0,0,
杜鹃的女儿,http://www.iqiyi.com/a_19rrgiiwmd.html,289万,0,0,
武则天刘晓庆版,http://www.iqiyi.com/a_19rrifs6we.html,1.06亿,0,0,
亲爱的恩东啊,http://www.iqiyi.com/a_19rrhar5yp.html,3522万,0,0,
生命中的好日子,http://www.iqiyi.com/a_19rrhacifx.html,1.69亿,0,0,
团圆饭,http://www.iqiyi.com/a_19rrhc3o31.html,2.05亿,0,0,
杀寇决,http://www.iqiyi.com/a_19rrhavw5l.html,2.43亿,0,0,
别叫我兄弟,http://www.iqiyi.com/a_19rrhax4g1.html,2.38亿,0,0,
大汉天子,http://www.iqiyi.com/a_19rrk3r02l.html,9354万,0,0,
我的宝贝,http://www.iqiyi.com/a_19rrhb1tal.html,3.74亿,0,0,
断奶,http://www.iqiyi.com/a_19rrjueod9.html,3.97亿,0,0,
康熙微服私访记4,http://www.iqiyi.com/a_19rrjae29l.html,8609万,0,0,
女人不容易,http://www.iqiyi.com/a_19rrhaj2j1.html,2.93亿,0,0,
换子成龙,http://www.iqiyi.com/a_19rrhbil8l.html,3588万,0,0,
离婚协议,http://www.iqiyi.com/a_19rrhb1oo1.html,4970万,0,0,
不是不想嫁,http://www.iqiyi.com/a_19rrhbz111.html,9405万,0,0,
狭路,http://www.iqiyi.com/a_19rrhal77l.html,4.11亿,0,0,
二胎,http://www.iqiyi.com/a_19rrhbk2xx.html,1.17亿,0,0,
杨光的快乐生活5,http://www.iqiyi.com/a_19rrj5ql6l.html,2754万,0,0,
爱的秘笈,http://www.iqiyi.com/a_19rrhayyo9.html,1.82亿,0,0,
追击者,http://www.iqiyi.com/a_19rrhar8hl.html,2.55亿,0,0,
家有大姐,http://www.iqiyi.com/a_19rrh9pd2t.html,1320万,0,0,
花开半夏未删减版,http://www.iqiyi.com/a_19rrgj9tnt.html,1.42亿,0,0,
中国特警,http://www.iqiyi.com/a_19rrhaw3pp.html,5018万,0,0,
小鱼儿与花无缺,http://www.iqiyi.com/a_19rrhawuzh.html,4647万,0,0,
杨光的快乐生活3,http://www.iqiyi.com/a_19rrj6272l.html,4488万,0,0,
如果爱可以重来,http://www.iqiyi.com/a_19rrhb0w9t.html,8453万,0,0,
走西口,http://www.iqiyi.com/a_19rrj6roml.html,6455万,0,0,
明珠游龙,http://www.iqiyi.com/a_19rrh9pdft.html,756万,0,0,
铁血红安,http://www.iqiyi.com/a_19rrhbzodd.html,3.18亿,0,0,
天仙配,http://www.iqiyi.com/a_19rrj6wxxh.html,7955万,0,0,
上门女婿,http://www.iqiyi.com/a_19rrhc0nrx.html,4207万,0,0,
亲爱的回家,http://www.iqiyi.com/a_19rrk1bat5.html,1.69亿,0,0,
大丫鬟,http://www.iqiyi.com/a_19rrj6vn3h.html,1.27亿,0,0,
神雕侠侣陈晓版杨过特辑,http://www.iqiyi.com/a_19rrhc1yt5.html,3242万,0,0,
女人当官,http://www.iqiyi.com/a_19rrjabdfx.html,1.64亿,0,0,
铁腕行动,http://www.iqiyi.com/a_19rrh9q67h.html,1201万,0,0,
大刀记,http://www.iqiyi.com/a_19rrhaxosd.html,3.48亿,0,0,
地下交通站,http://www.iqiyi.com/a_19rrj5xhl9.html,8584万,0,0,
命定之爱国语,http://www.iqiyi.com/a_19rrhc16zd.html,5289万,0,0,
白眉大侠,http://www.iqiyi.com/a_19rrhc3zo5.html,3832万,0,0,
连城诀,http://www.iqiyi.com/a_19rrj5x31x.html,7059万,0,0,
激战,http://www.iqiyi.com/a_19rrhbahl1.html,5.79亿,0,0,
大宅门1912,http://www.iqiyi.com/a_19rrjx1bul.html,1.71亿,0,0,
爱情公寓番外篇,http://www.iqiyi.com/a_19rrhaznch.html,3.26亿,0,0,
甜蜜蜜,http://www.iqiyi.com/a_19rrj5sik1.html,5129万,0,0,
欢天喜地对亲家,http://www.iqiyi.com/a_19rrhaaph9.html,1.43亿,0,0,
傻春,http://www.iqiyi.com/a_19rrjanh69.html,2.13亿,0,0,
三个奶爸,http://www.iqiyi.com/a_19rrhb0y75.html,6.99亿,0,0,
梁山伯与祝英台,http://www.iqiyi.com/a_19rrifrxdq.html,6058万,0,0,
五鼠闹东京,http://www.iqiyi.com/a_19rrhbg9gx.html,7.51亿,0,0,
深宫谍影,http://www.iqiyi.com/a_19rrk14l7d.html,3.42亿,0,0,
飞虎队,http://www.iqiyi.com/a_19rrhbbkr1.html,2.65亿,0,0,
温州一家人,http://www.iqiyi.com/a_19rrk50x3l.html,2.94亿,0,0,
山海经之赤影传说,http://www.iqiyi.com/a_19rrhb8ind.html,20.05亿,0,0,
狐影,http://www.iqiyi.com/a_19rrhaamkl.html,5.81亿,0,0,
铁血战狼,http://www.iqiyi.com/a_19rrhafhz9.html,7.21亿,0,0,
春江英雄之秀才遇到兵,http://www.iqiyi.com/a_19rrhaxj4x.html,6.96亿,0,0,
终极少女,http://www.iqiyi.com/a_19rrhbzt9l.html,3.41亿,0,0,
家的n次方,http://www.iqiyi.com/a_19rrk3fkst.html,2.55亿,0,0,
包青天之开封奇案,http://www.iqiyi.com/a_19rrju97tx.html,2.07亿,0,0,
绝命毒师第5季,http://www.iqiyi.com/a_19rrifu1s5.html,5145万,0,0,
马大帅1,http://www.iqiyi.com/a_19rrj58jtl.html,3973万,0,0,
重案六组第一部,http://www.iqiyi.com/a_19rrj6rtv5.html,1.31亿,0,0,
麻辣芳邻,http://www.iqiyi.com/a_19rrhafhux.html,2.03亿,0,0,
我是杜拉拉,http://www.iqiyi.com/a_19rrhb1zzl.html,7.38亿,0,0,
重案六组第二部,http://www.iqiyi.com/a_19rrj6ujgx.html,1.54亿,0,0,
请回答1997,http://www.iqiyi.com/a_19rrgjcx6p.html,7580万,0,0,
冒牌英雄,http://www.iqiyi.com/a_19rrgigaa1.html,1.25亿,0,0,
狙击部队,http://www.iqiyi.com/a_19rrhc4539.html,1.11亿,0,0,
绝爱,http://www.iqiyi.com/a_19rrgiei6d.html,3.01亿,0,0,
杨光的快乐生活4,http://www.iqiyi.com/a_19rrj5qid5.html,2880万,0,0,
伪装者未删减版,http://www.iqiyi.com/a_19rrhb96l5.html,2.31亿,0,0,
我和她的传奇情仇,http://www.iqiyi.com/a_19rrhal6vt.html,5.87亿,0,0,
铁核桃,http://www.iqiyi.com/a_19rrhb0glp.html,3.57亿,0,0,
风云2,http://www.iqiyi.com/a_19rrj6sus1.html,1.14亿,0,0,
大都市小爱情,http://www.iqiyi.com/a_19rrhc00j1.html,1.54亿,0,0,
包青天之七侠五义,http://www.iqiyi.com/a_19rrjaa2b1.html,1.31亿,0,0,
没有承诺的爱,http://www.iqiyi.com/a_19rrhasex5.html,3730万,0,0,
替身,http://www.iqiyi.com/a_19rrhbai5l.html,4.56亿,0,0,
二叔,http://www.iqiyi.com/a_19rrgj96y1.html,2.28亿,0,0,
薛仁贵传奇,http://www.iqiyi.com/a_19rrj6v1j9.html,1.20亿,0,0,
大秦帝国之裂变,http://www.iqiyi.com/a_19rrhc2fe5.html,5512万,0,0,
天天有喜,http://www.iqiyi.com/a_19rrg5m185.html,16.58亿,0,0,
隋唐英雄3,http://www.iqiyi.com/a_19rrgjciwl.html,3.08亿,0,0,
娘妻,http://www.iqiyi.com/a_19rrj52kwx.html,1.73亿,0,0,
小兵张嘎,http://www.iqiyi.com/a_19rrjtpi8h.html,6555万,0,0,
长沙保卫战,http://www.iqiyi.com/a_19rrhb7b9t.html,5999万,0,0,
土地公土地婆,http://www.iqiyi.com/a_19rrgjdiu5.html,6.13亿,0,0,
雪豹坚强岁月,http://www.iqiyi.com/a_19rrhc0kld.html,2.90亿,0,0,
第二次人生,http://www.iqiyi.com/a_19rrhbzyqt.html,4.93亿,0,0,
蜀山战纪第5季,http://www.iqiyi.com/a_19rrhbecbp.html,3.57亿,0,0,
少年天子之顺治王朝,http://www.iqiyi.com/a_19rrj6vli5.html,6020万,0,0,
终极使命,http://www.iqiyi.com/a_19rrh9pu2p.html,1.19亿,0,0,
美梦成真,http://www.iqiyi.com/a_19rrhbbgtl.html,1.35亿,0,0,
贤妻,http://www.iqiyi.com/a_19rrjqvfr1.html,3.22亿,0,0,
封神英雄榜,http://www.iqiyi.com/a_19rrgjbvap.html,9.80亿,0,0,
杨光的快乐生活1,http://www.iqiyi.com/a_19rrj5q91p.html,1978万,0,0,
我是特种兵之利刃出鞘未删减版,http://www.iqiyi.com/a_19rrk4q1np.html,3.22亿,0,0,
煮妇神探,http://www.iqiyi.com/a_19rrhbc1fh.html,17.83亿,0,0,
功夫婆媳,http://www.iqiyi.com/a_19rrhbduzt.html,7.24亿,0,0,
武松,http://www.iqiyi.com/a_19rriftqfl.html,2.84亿,0,0,
十送红军,http://www.iqiyi.com/a_19rrgifo19.html,4614万,0,0,
老有所依,http://www.iqiyi.com/a_19rrifssk5.html,6129万,0,0,
掩护,http://www.iqiyi.com/a_19rrk2crn1.html,8120万,0,0,
重案六组第四部,http://www.iqiyi.com/a_19rrjz3jwt.html,2.85亿,0,0,
箭在弦上,http://www.iqiyi.com/a_19rrjpha8l.html,4.93亿,0,0,
三妹,http://www.iqiyi.com/a_19rrhamsox.html,6.20亿,0,0,
少年包青天Ⅲ,http://www.iqiyi.com/a_19rrj6v00p.html,2.29亿,0,0,
蜀山战纪第1季,http://www.iqiyi.com/a_19rrhb0rhh.html,4.49亿,0,0,
杨光的快乐生活6,http://www.iqiyi.com/a_19rrj5qmal.html,1888万,0,0,
民兵葛二蛋,http://www.iqiyi.com/a_19rrjthpkl.html,4.39亿,0,0,
黎明之前,http://www.iqiyi.com/a_19rrj62ntt.html,1.41亿,0,0,
神犬小七,http://www.iqiyi.com/a_19rrhb6mfh.html,7.14亿,0,0,
暖春,http://www.iqiyi.com/a_19rrj6wii5.html,6903万,0,0,
旋风十一人,http://www.iqiyi.com/a_19rrhb9aux.html,9.02亿,0,0,
天下第一,http://www.iqiyi.com/a_19rrgierkx.html,1.56亿,0,0,
步步惊情,http://www.iqiyi.com/a_19rrgi6x25.html,5.71亿,0,0,
青年医生,http://www.iqiyi.com/a_19rrhbzeyt.html,8.83亿,0,0,
封神榜之凤鸣岐山,http://www.iqiyi.com/a_19rrj6vl71.html,4288万,0,0,
情定三生,http://www.iqiyi.com/a_19rrhbzn9t.html,4.90亿,0,0,
铁齿铜牙纪晓岚第二部,http://www.iqiyi.com/a_19rrj6vhjh.html,1.31亿,0,0,
刁蛮公主,http://www.iqiyi.com/a_19rrjae2ml.html,2.40亿,0,0,
神探狄仁杰第一部,http://www.iqiyi.com/a_19rrk6yyt5.html,2.28亿,0,0,
虎妈猫爸,http://www.iqiyi.com/a_19rrhaywod.html,18.31亿,0,0,
百万新娘之爱无悔,http://www.iqiyi.com/a_19rrjp6hc5.html,10.18亿,0,0,
泡沫之夏,http://www.iqiyi.com/a_19rrj5zsrx.html,2.10亿,0,0,
嘿，老头！,http://www.iqiyi.com/a_19rrhaxjhl.html,3.12亿,0,0,
青丘狐传说,http://www.iqiyi.com/a_19rrhb8d05.html,13.29亿,0,0,
老米家的婚事,http://www.iqiyi.com/a_19rrjuzk0t.html,3.25亿,0,0,
龙门镖局,http://www.iqiyi.com/a_19rrift3bg.html,5.21亿,0,0,
锋刃,http://www.iqiyi.com/a_19rrhc1w89.html,3.01亿,0,0,
卧底,http://www.iqiyi.com/a_19rrhb9g5p.html,2.66亿,0,0,
烽火佳人,http://www.iqiyi.com/a_19rrgjdp51.html,7.83亿,0,0,
寂寞空庭春欲晚,http://www.iqiyi.com/a_19rrhb2oed.html,15.61亿,0,0,
欢天喜地七仙女,http://www.iqiyi.com/a_19rrj5p70x.html,2.12亿,0,0,
少年四大名捕,http://www.iqiyi.com/a_19rrhazvsd.html,14.36亿,0,0,
金玉良缘,http://www.iqiyi.com/a_19rrgjdll1.html,8.53亿,0,0,
飞哥大英雄,http://www.iqiyi.com/a_19rrgico1p.html,2.98亿,0,0,
殊死七日,http://www.iqiyi.com/a_19rrhahn7x.html,2.93亿,0,0,
秦时明月,http://www.iqiyi.com/a_19rrhbaitd.html,24.84亿,0,0,
还珠格格之天上人间,http://www.iqiyi.com/a_19rrj52cut.html,1.83亿,0,0,
蚂蚱,http://www.iqiyi.com/a_19rrhaennp.html,2.29亿,0,0,
鹿鼎记韩栋版,http://www.iqiyi.com/a_19rrhc1sr9.html,5.45亿,0,0,
美丽的秘密,http://www.iqiyi.com/a_19rrhc1qo9.html,8.47亿,0,0,
邻居也疯狂,http://www.iqiyi.com/a_19rrhavzfp.html,1.49亿,0,0,
悬崖,http://www.iqiyi.com/a_19rrk22q4t.html,3.65亿,0,0,
谢文东第2季,http://www.iqiyi.com/a_19rrgindh1.html,2.39亿,0,0,
朱元璋,http://www.iqiyi.com/a_19rrk57bhl.html,2.43亿,0,0,
新闺蜜时代,http://www.iqiyi.com/a_19rrgi6crx.html,3.45亿,0,0,
花火花红,http://www.iqiyi.com/a_19rrhc2u5x.html,2.54亿,0,0,
大染坊,http://www.iqiyi.com/a_19rrgjd4h9.html,1.01亿,0,0,
薛平贵与王宝钏,http://www.iqiyi.com/a_19rrjzq32p.html,4.98亿,0,0,
太行山上,http://www.iqiyi.com/a_19rrhb3wa9.html,1.56亿,0,0,
我爱男保姆,http://www.iqiyi.com/a_19rrhagzsd.html,7.78亿,0,0,
李小龙传奇,http://www.iqiyi.com/a_19rrj6v1m1.html,2.27亿,0,0,
铁齿铜牙纪晓岚第四部,http://www.iqiyi.com/a_19rrj5qeg1.html,1.79亿,0,0,
收获的季节,http://www.iqiyi.com/a_19rrhbvwn1.html,3.26亿,0,0,
家有儿女 第二部,http://www.iqiyi.com/a_19rrj6rvel.html,3.38亿,0,0,
女人进城,http://www.iqiyi.com/a_19rrifsssa.html,2.10亿,0,0,
盛夏晚晴天,http://www.iqiyi.com/a_19rrjwujdh.html,9.81亿,0,0,
生活启示录,http://www.iqiyi.com/a_19rrgid0eh.html,4.87亿,0,0,
神探狄仁杰第三部,http://www.iqiyi.com/a_19rrj5tr9l.html,4.75亿,0,0,
废柴兄弟1,http://www.iqiyi.com/a_19rrgib6x5.html,6.74亿,0,0,
爱情公寓外传之开心原力,http://www.iqiyi.com/a_19rrhalkwd.html,4.66亿,0,0,
守婚如玉,http://www.iqiyi.com/a_19rrhb8xep.html,7.02亿,0,0,
有你才幸福,http://www.iqiyi.com/a_19rrhc3w0l.html,584万,0,0,
敢爱,http://www.iqiyi.com/a_19rrhazxk5.html,2.95亿,0,0,
幸福归来,http://www.iqiyi.com/a_19rrhb8xrd.html,10.70亿,0,0,
武神赵子龙,http://www.iqiyi.com/a_19rrhb0u3t.html,25.59亿,0,0,
安居,http://www.iqiyi.com/a_19rrh9q55h.html,6224万,0,0,
幸福三十六计,http://www.iqiyi.com/a_19rrhc0c61.html,1.62亿,0,0,
美人如画未删减版,http://www.iqiyi.com/a_19rrgig0hd.html,9067万,0,0,
白衣校花与大长腿2,http://www.iqiyi.com/a_19rrhax8et.html,5.44亿,0,0,
康熙王朝,http://www.iqiyi.com/a_19rrk57m5x.html,3.42亿,0,0,
回家的诱惑,http://www.iqiyi.com/a_19rrjaggst.html,7.66亿,0,0,
男才女貌,http://www.iqiyi.com/a_19rrh9uij1.html,389万,0,0,
杉杉来了未删减版,http://www.iqiyi.com/a_19rrgiift1.html,3.92亿,0,0,
蜀山战纪剑侠传奇,http://www.iqiyi.com/a_19rrhaam8t.html,17.80亿,0,0,
远得要命的爱情,http://www.iqiyi.com/a_19rrhacind.html,9.97亿,0,0,
大好时光,http://www.iqiyi.com/a_19rrhb27kd.html,14.70亿,0,0,
麻雀春天,http://www.iqiyi.com/a_19rrhayu21.html,7680万,0,0,
勇敢的心,http://www.iqiyi.com/a_19rrhbvx9h.html,12.26亿,0,0,
新济公活佛,http://www.iqiyi.com/a_19rrhbwt35.html,11.11亿,0,0,
特警力量,http://www.iqiyi.com/a_19rrhazgih.html,23.74亿,0,0,
封神英雄,http://www.iqiyi.com/a_19rrhc1qpt.html,10.19亿,0,0,
二炮手,http://www.iqiyi.com/a_19rrhbycd1.html,8.79亿,0,0,
恶作剧之吻,http://www.iqiyi.com/a_19rrhc3mhp.html,2.63亿,0,0,
花火,http://www.iqiyi.com/a_19rrhbd5hd.html,4.71亿,0,0,
宜昌保卫战,http://www.iqiyi.com/a_19rrh9pfpp.html,2.20亿,0,0,
因为爱情有奇迹,http://www.iqiyi.com/a_19rrhbz2oh.html,12.73亿,0,0,
北上广不相信眼泪,http://www.iqiyi.com/a_19rrhbc69d.html,18.25亿,0,0,
父母爱情,http://www.iqiyi.com/a_19rrgjciv1.html,5.65亿,0,0,
武媚娘传奇,http://www.iqiyi.com/a_19rrhc1zad.html,30.79亿,0,0,
废柴兄弟3,http://www.iqiyi.com/a_19rrhb48wx.html,7.25亿,0,0,
天天有喜2之人间有爱,http://www.iqiyi.com/a_19rrhaare5.html,16.00亿,0,0,
男人四十要出嫁,http://www.iqiyi.com/a_19rrgia3qd.html,4.70亿,0,0,
哦我的鬼神大人,http://www.iqiyi.com/a_19rrhbhrt1.html,4.86亿,0,0,
光影,http://www.iqiyi.com/a_19rrhavlgl.html,2.62亿,0,0,
我的二哥二嫂,http://www.iqiyi.com/a_19rrhb0xzp.html,3.55亿,0,0,
多情江山,http://www.iqiyi.com/a_19rrhb9929.html,11.67亿,0,0,
两个女人的战争,http://www.iqiyi.com/a_19rrhagxp5.html,7.53亿,0,0,
最美的时光,http://www.iqiyi.com/a_19rrifssl2.html,2.60亿,0,0,
心理罪,http://www.iqiyi.com/a_19rrhaviyp.html,7.51亿,0,0,
特种兵之霹雳火,http://www.iqiyi.com/a_19rrhbd5ml.html,15.11亿,0,0,
安托万夫人,http://www.iqiyi.com/a_19rrhad6yx.html,2352万,0,0,
克拉恋人,http://www.iqiyi.com/a_19rrhaxnhl.html,32.47亿,0,0,
咱们结婚吧,http://www.iqiyi.com/a_19rrgj9kvh.html,13.80亿,0,0,
情深深雨濛濛,http://www.iqiyi.com/a_19rrhaqf75.html,7865万,0,0,
门第,http://www.iqiyi.com/a_19rrju4egp.html,6.20亿,0,0,
搭错车,http://www.iqiyi.com/a_19rrhab8yl.html,8.08亿,0,0,
一仆二主,http://www.iqiyi.com/a_19rrgiagfh.html,7.38亿,0,0,
倚天屠龙记,http://www.iqiyi.com/a_19rrj6swnt.html,3.07亿,0,0,
嫁个老公过日子,http://www.iqiyi.com/a_19rrhb0965.html,8.34亿,0,0,
打狗棍,http://www.iqiyi.com/a_19rrifssgr.html,1.58亿,0,0,
雪豹,http://www.iqiyi.com/a_19rrj67lfl.html,7.62亿,0,0,
还珠格格,http://www.iqiyi.com/a_19rrj53zll.html,2.91亿,0,0,
铁血武工队,http://www.iqiyi.com/a_19rrhc0w6t.html,2.35亿,0,0,
校花的贴身高手,http://www.iqiyi.com/a_19rrhaz48t.html,15.65亿,0,0,
还是夫妻,http://www.iqiyi.com/a_19rrhayynx.html,4.11亿,0,0,
校花的贴身高手3,http://www.iqiyi.com/a_19rrhav5u5.html,2.64亿,0,0,
千金女贼,http://www.iqiyi.com/a_19rrhax53h.html,15.91亿,0,0,
大秧歌,http://www.iqiyi.com/a_19rrhbc5yl.html,32.85亿,0,0,
天龙八部,http://www.iqiyi.com/a_19rrj6uf19.html,3.23亿,0,0,
我的蠢萌老公,http://www.iqiyi.com/a_19rrh9rnop.html,1.16亿,0,0,
上错花轿嫁对郎,http://www.iqiyi.com/a_19rrj5ql11.html,1.59亿,0,0,
傻儿传奇,http://www.iqiyi.com/a_19rrhc1wn1.html,2.08亿,0,0,
下一站婚姻,http://www.iqiyi.com/a_19rrhb2z11.html,6.26亿,0,0,
红色护卫,http://www.iqiyi.com/a_19rrh9w8vh.html,1742万,0,0,
那年青春我们正好,http://www.iqiyi.com/a_19rrhb8fjp.html,19.75亿,0,0,
神犬小七第二季,http://www.iqiyi.com/a_19rrhaodrt.html,9.11亿,0,0,
还珠格格第二部,http://www.iqiyi.com/a_19rrj53wz9.html,4.98亿,0,0,
来自星星的你,http://www.iqiyi.com/a_19rrgja8xd.html,36.68亿,0,0,
爱情回来了,http://www.iqiyi.com/a_19rrgiigpp.html,5.65亿,0,0,
火蓝刀锋,http://www.iqiyi.com/a_19rrk60bih.html,12.34亿,0,0,
废柴兄弟4,http://www.iqiyi.com/a_19rrhak2t1.html,5.01亿,0,0,
情谜睡美人,http://www.iqiyi.com/a_19rrhai6k9.html,1.63亿,0,0,
亲密的搭档,http://www.iqiyi.com/a_19rrh9utbp.html,9582万,0,0,
校花的贴身高手2,http://www.iqiyi.com/a_19rrhas8gt.html,3.82亿,0,0,
结婚为什么,http://www.iqiyi.com/a_19rrhaovap.html,5.82亿,0,0,
红星照耀中国,http://www.iqiyi.com/a_19rrh9w9oh.html,1425万,0,0,
少帅,http://www.iqiyi.com/a_19rrhbf5th.html,13.91亿,0,0,
警花与警犬,http://www.iqiyi.com/a_19rrhanm25.html,23.37亿,0,0,
我是特种兵,http://www.iqiyi.com/a_19rrk3xs6h.html,3.44亿,0,0,
神雕侠侣,http://www.iqiyi.com/a_19rrhc3795.html,16.44亿,0,0,
加油吧实习生,http://www.iqiyi.com/a_19rrhc1u0t.html,21.48亿,0,0,
红旗漫卷西风,http://www.iqiyi.com/a_19rrh9xd9d.html,1441万,0,0,
我是特种兵之利刃出鞘,http://www.iqiyi.com/a_19rrk60i51.html,12.69亿,0,0,
我和我的传奇奶奶,http://www.iqiyi.com/a_19rrgi79x1.html,3.01亿,0,0,
且行且珍惜,http://www.iqiyi.com/a_19rrh9rfup.html,1.63亿,0,0,
麻辣变形计,http://www.iqiyi.com/a_19rrhbevjp.html,12.53亿,0,0,
我是红军,http://www.iqiyi.com/a_19rrh9w8it.html,2355万,0,0,
花千骨,http://www.iqiyi.com/a_19rrhc1zfx.html,76.48亿,0,0,
校花的贴身高手4,http://www.iqiyi.com/a_19rrh9pand.html,1.96亿,0,0,
幻城未删减版,http://www.iqiyi.com/a_19rrhark6l.html,4429万,0,0,
武林外传,http://www.iqiyi.com/a_19rrk2hct9.html,10.38亿,0,0,
何以笙箫默,http://www.iqiyi.com/a_19rrhc3wk1.html,28.27亿,0,0,
跟我回家,http://www.iqiyi.com/a_19rrhbzm2l.html,1.08亿,0,0,
伪装者,http://www.iqiyi.com/a_19rrhawpl5.html,22.66亿,0,0,
长大,http://www.iqiyi.com/a_19rrhax5e9.html,5.48亿,0,0,
傻儿传奇之抗战到底,http://www.iqiyi.com/a_19rrh9usy5.html,2.61亿,0,0,
麻雀未删减版,http://www.iqiyi.com/a_19rrh9ra4x.html,9636万,0,0,
亮剑,http://www.iqiyi.com/a_19rrj6sgbt.html,7.35亿,0,0,
爱情公寓2,http://www.iqiyi.com/a_19rrjaf9kd.html,12.25亿,0,0,
炮神,http://www.iqiyi.com/a_19rrh9qzjd.html,10.12亿,0,0,
灰姑娘与四骑士,http://www.iqiyi.com/a_19rrhas7pd.html,8.01亿,0,0,
盗墓笔记,http://www.iqiyi.com/a_19rrhbyt65.html,40.44亿,0,0,
最好的我们,http://www.iqiyi.com/a_19rrhbd6ad.html,26.67亿,0,0,
你是我的姐妹,http://www.iqiyi.com/a_19rrhb18vp.html,10.58亿,0,0,
胭脂,http://www.iqiyi.com/a_19rrhbf1gp.html,30.09亿,0,0,
寒山令,http://www.iqiyi.com/a_19rrh9wb2d.html,2.09亿,0,0,
请回答1988,http://www.iqiyi.com/a_19rrhbhrod.html,4.52亿,0,0,
画江湖之不良人,http://www.iqiyi.com/a_19rrhaqkxp.html,6.49亿,0,0,
麻雀,http://www.iqiyi.com/a_19rrhbapjx.html,32.95亿,0,0,
老九门,http://www.iqiyi.com/a_19rrhbeaxt.html,111.17亿,0,0,
幻城,http://www.iqiyi.com/a_19rrhbd4i9.html,25.64亿,0,0,
