play_count,name,score,domain,link
8058540,热血尖兵,7.9,youku,http://list.youku.com/show/id_z57efbfbdefbfbd7102ef.html
595801407,寂寞空庭春欲晚 TV版,9.6,youku,http://list.youku.com/show/id_zb054ff6025b311e3a705.html
343459038,寒山令,7.2,youku,http://list.youku.com/show/id_z82b319bebdca11e5b32f.html
119943221,暗战危城,7.1,youku,http://list.youku.com/show/id_z1fff6f3ed6ed11e59e2a.html
56552994,咱们相爱吧 未删减版,7.8,youku,http://list.youku.com/show/id_zd228d0b79f3b11e6b9bb.html
171067549,生死翻盘,8.1,youku,http://list.youku.com/show/id_za4670af44a4111e5b692.html
22470190,淬火成钢,6.4,youku,http://list.youku.com/show/id_zeea564e7c02011e68fae.html
13681041,我是你的百搭,8.2,youku,http://list.youku.com/show/id_z921d6212df9211e59e2a.html
5591622,马兰谣,7.9,youku,http://list.youku.com/show/id_z1ff05d3a589c11e69c81.html
3715458,深爱食堂 第二季,8.2,youku,http://list.youku.com/show/id_z50b80966a64e11e6bdbb.html
24034826,小镇大法官,8.3,youku,http://list.youku.com/show/id_z0a007a10e9c211e5b522.html
31294488,千里雷声万里闪,6.9,youku,http://list.youku.com/show/id_ze18ba947902911e69c81.html
56054783,天伦,8.3,youku,http://list.youku.com/show/id_zc1b6a368d62211e5a080.html
38195516,毛泽东三兄弟,8.2,youku,http://list.youku.com/show/id_zeb3ec30a36b211e6abda.html
30424061,一马换三羊,8.7,youku,http://list.youku.com/show/id_z90f1a21c060211e69c81.html
33275728,安居,8.1,youku,http://list.youku.com/show/id_zb4b2bf78799011e6b32f.html
61326958,港媳嫁到,9.3,youku,http://list.youku.com/show/id_z449b6d1eb59911e4b432.html
80907785,亲密的搭档,8.4,youku,http://list.youku.com/show/id_z607c3003852811e6b9bb.html
54740027,黄金血道,7.7,youku,http://list.youku.com/show/id_z00a0c71836ca11e6abda.html
103167310,女人不容易,8.7,youku,http://list.youku.com/show/id_z77ba795e9e5711e5b2ad.html
48016325,因为爱,9,youku,http://list.youku.com/show/id_z90269502bd5111e2b356.html
28143128,我是红军,6.9,youku,http://list.youku.com/show/id_zfa7c3b90941211e6b9bb.html
31721289,我们的纯真年代,8.3,youku,http://list.youku.com/show/id_z8b6fcefc060511e6b32f.html
41152165,幻城 未删减版,8.8,youku,http://list.youku.com/show/id_zab98772a378c11e6a080.html
48963788,生命中的好日子,8.3,youku,http://list.youku.com/show/id_za44490d8c95c11e59e2a.html
132578150,多少爱可以重来,9,youku,http://list.youku.com/show/id_z03becb40481111e6b522.html
58139927,麻辣芳邻,8.4,youku,http://list.youku.com/show/id_z0a04be8e814611e5b0dc.html
16043393,国家底线,8.1,youku,http://list.youku.com/show/id_z0f0a0cb69b3511e6b9bb.html
130715354,酸甜苦辣小夫妻,8.9,youku,http://list.youku.com/show/id_z40826b9a61d511e59e2a.html
26009906,长征大会师,3.7,youku,http://list.youku.com/show/id_z726bda6da63c11e6967c.html
28997908,岳父太囧,8.2,youku,http://list.youku.com/show/id_zc2578abc019911e4b2ad.html
69699957,女人的天空,8.7,youku,http://list.youku.com/show/id_z60d2ca34e74f11e5b432.html
35862643,爱的追踪,8.9,youku,http://list.youku.com/show/id_z4e702e92060611e6b32f.html
53157324,我是你的眼,8.5,youku,http://list.youku.com/show/id_z45a19215652511e6b9bb.html
30821052,麻辣变形计 未删减版,8.3,youku,http://list.youku.com/show/id_z525106635e0511e6b9bb.html
72603718,金水桥边,8.7,youku,http://list.youku.com/show/id_z6a42b228f48311e5b522.html
21561105,亲情暖我心,8.3,youku,http://list.youku.com/show/id_z48b44a3e564911e38b3f.html
110713766,我的爱情撞上了战争,7.8,youku,http://list.youku.com/show/id_z5c39d0ea36c711e6b32f.html
25886716,下辈子还做我老爸,8,youku,http://list.youku.com/show/id_zb4be8b3622f211e6a080.html
27897500,好运来临,9.1,youku,http://list.youku.com/show/id_zf4d6d506e5d611e5a2a2.html
122290479,踏破硝烟,7.8,youku,http://list.youku.com/show/id_zb36256924c9b11e59e2a.html
65343733,你是我的眼,9.3,youku,http://list.youku.com/show/id_za2af2b047ee611e5b692.html
116294805,彭德怀元帅,5.5,youku,http://list.youku.com/show/id_za6342a3a1d6611e6b32f.html
92637049,姐妹兄弟,8.7,youku,http://list.youku.com/show/id_zeaa48346b9d811e589e3.html
154440944,殊死七日,8.4,youku,http://list.youku.com/show/id_z40b2ecda23bd11e5b2ad.html
56147950,绝命后卫师,7.6,youku,http://list.youku.com/show/id_z20752118902111e69e06.html
24662347,最美是你 未删减版,7.6,youku,http://list.youku.com/show/id_ze99d1ec8e5d811e5b522.html
83232422,红色通道,7.1,youku,http://list.youku.com/show/id_z51f6f444aedc11e2b2ac.html
74032291,且行且珍惜,8.9,youku,http://list.youku.com/show/id_z2c1ebb2682c911e5a080.html
206073332,两个女人的战争,9.6,youku,http://list.youku.com/show/id_z37cfa1424c9b11e5b522.html
49297506,终极使命,7.7,youku,http://list.youku.com/show/id_zb32f654774c311e6b9bb.html
120052340,傻儿传奇之抗战到底,7.5,youku,http://list.youku.com/show/id_z4f1ee17ed9d011e5b2ad.html
190488566,三八线,7.3,youku,http://list.youku.com/show/id_z72a260840ab411e6a080.html
157340776,乡村情感之女怕嫁错郎,8.2,youku,http://list.youku.com/show/id_z8ebe8eaaf48411e5b522.html
37251564,新萧十一郎,8.8,youku,http://list.youku.com/show/id_ze387b2105e5111e4abda.html
7523843,柠檬初上 未删减版,8.4,youku,http://list.youku.com/show/id_z6c52e85b13e511e69c81.html
293012291,铁血战狼,8.2,youku,http://list.youku.com/show/id_zc31d55bc6f3411e5b692.html
292249770,结婚为什么,9.3,youku,http://list.youku.com/show/id_z1afa0d3e378f11e6a080.html
43319526,活法,8.7,youku,http://list.youku.com/show/id_z50310deed13e11e4abda.html
30100029,寂寞空庭春欲晚 未删减版,8.9,youku,http://list.youku.com/show/id_zddc695e4dc5911e5b2ad.html
174632233,养个孩子不容易,8.6,youku,http://list.youku.com/show/id_z49f45616702211e6bdbb.html
72680205,我的岳父会武术,8.7,youku,http://list.youku.com/show/id_zb237d57bba8c11e69e06.html
284666396,我和她的传奇情仇,9.3,youku,http://list.youku.com/show/id_z8202b2a2c0a611e5b2ad.html
228170743,神犬小七 第二季,9.4,youku,http://list.youku.com/show/id_z3e4adca4432511e6b32f.html
12743547,山海经之赤影传说 未删减版,8.6,youku,http://list.youku.com/show/id_z6c0c9f4aed0511e59e2a.html
79170437,麻雀 未删减版,8.7,youku,http://list.youku.com/show/id_zca2bd56e6f4111e69c81.html
181877230,玉海棠,8.7,youku,http://list.youku.com/show/id_z4a440b4098d811e5b432.html
138263901,追击者,8.9,youku,http://list.youku.com/show/id_z23f6eedc232811e6b522.html
82095846,对与决,6.8,youku,http://list.youku.com/show/id_zd922e8b6d56a11e1b2ac.html
100570257,蚂蚱,8.3,youku,http://list.youku.com/show/id_zbbf7fbb06e2c11e5b2ad.html
79265147,闺蜜嫁到,7.3,youku,http://list.youku.com/show/id_z8d067533ad3011e6b16e.html
108188047,豆娘,7.9,youku,http://list.youku.com/show/id_z8ccd089b435e11e6bdbb.html
183413732,硬骨头,8.4,youku,http://list.youku.com/show/id_zb01453d6f58911e5a080.html
509809224,情谜睡美人,9.3,youku,http://list.youku.com/show/id_z25a26ab2da9a11e5b2ad.html
89141710,木兰妈妈,6.9,youku,http://list.youku.com/show/id_z1e0d57488ea711e6bdbb.html
671801895,柠檬初上 TV版,9.5,youku,http://list.youku.com/show/id_z77af4234015b11e69e2a.html
8992272,欢天喜地对亲家,7.6,youku,http://list.youku.com/show/id_z0115db92c95311e4abda.html
49683456,无名者,7.3,youku,http://list.youku.com/show/id_z7f9611a1950011e6bdbb.html
88665699,刺青,8.8,youku,http://list.youku.com/show/id_zeee1459ccf0e11e1b356.html
125418608,宜昌保卫战,8.2,youku,http://list.youku.com/show/id_z6429449e587911e6b16e.html
487931808,最美是你 TV版,8.7,youku,http://list.youku.com/show/id_zad054ed6d9e911e0a046.html
2206060838,幻城 TV版,8.3,youku,http://list.youku.com/show/id_zc8193f92458e11e5b5ce.html
36728290,海棠依旧,8.9,youku,http://list.youku.com/show/id_zed6f5e34379111e6b432.html
44376466,解密 未删减版,9.1,youku,http://list.youku.com/show/id_z7d94f3fc36b611e6abda.html
168677975,热血,8.2,youku,http://list.youku.com/show/id_ze6d7bc3cc24511e4b522.html
365882645,锻刀,7.9,youku,http://list.youku.com/show/id_z650fb418342a11e69b6d.html
543603279,青丘狐传说 TV版,9.4,youku,http://list.youku.com/show/id_z7debaa4c4a4111e5a080.html
27682128,青丘狐传说 未删减版,8.8,youku,http://list.youku.com/show/id_zd9a1cffcca3311e5b432.html
284694559,远得要命的爱情,9.5,youku,http://list.youku.com/show/id_z538d2808c83811e299f6.html
43137954,红色护卫,6.9,youku,http://list.youku.com/show/id_z3bd1b5c5902511e6bdbb.html
114916258,政委,4.6,youku,http://list.youku.com/show/id_z70cfeb2d905111e6bdbb.html
369788439,新婚公寓,9.3,youku,http://list.youku.com/show/id_zc2ed8196a24911e5b522.html
223045072,功夫婆媳,9.1,youku,http://list.youku.com/show/id_z4fad4e1c64c111e4a080.html
287277179,守婚如玉,9.1,youku,http://list.youku.com/show/id_zd0065910b8d411e5b432.html
89350322,遥远的距离,7.7,youku,http://list.youku.com/show/id_z12097baa851a11e6bdbb.html
1346845067,山海经之赤影传说 TV版,9.2,youku,http://list.youku.com/show/id_z6c510e5485c411e4b432.html
51239131,别让爱你的人等太久,8.6,youku,http://list.youku.com/show/id_z1e5fba18eb5511e5b432.html
39775001,深宅1927,8.1,youku,http://list.youku.com/show/id_z3e64914e1c4911e48b3f.html
237539353,青云志 未删减版,8,youku,http://list.youku.com/show/id_z097c0660555811e6bdbb.html
30244346,因为爱情有幸福 未删减版,8.3,youku,http://list.youku.com/show/id_zb54cb26cdac711e5b432.html
301166257,嫁个老公过日子,9.1,youku,http://list.youku.com/show/id_zff146da6c08611e4b2ad.html
368581840,我爱男保姆,9.4,youku,http://list.youku.com/show/id_zd48990e24a0211e5b432.html
34990692,放弃我，抓紧我 未删减版,7.6,youku,http://list.youku.com/show/id_z71df338fbdf011e6acec.html
736844934,特种兵之霹雳火,9.4,youku,http://list.youku.com/show/id_z24d56510933411e5b432.html
638774881,医馆笑传2,8.7,youku,http://list.youku.com/show/id_z2d69eb28441011e69b6d.html
75203835,真心想让你幸福,7.6,youku,http://list.youku.com/show/id_z56379aae799111e69e06.html
900530078,少帅,9,youku,http://list.youku.com/show/id_z2a6634cea23d11e5b692.html
111941282,九九,7.9,youku,http://list.youku.com/show/id_z020a63a06f1b11e6b16e.html
289483956,搭错车,9.5,youku,http://list.youku.com/show/id_zd890bd96af7e11e5a080.html
36099788,遥远的婚约,7.7,youku,http://list.youku.com/show/id_z74f9d1c22fca11e3b8b7.html
1168606,梦想大道东 第一季,5.9,youku,http://list.youku.com/show/id_z399f7574c59211e6b16e.html
142212790,游击英雄,7.8,youku,http://list.youku.com/show/id_zd0fa77ee003211e5b692.html
1225103914,因为爱情有幸福 TV版,9.3,youku,http://list.youku.com/show/id_z1f881f242b6711e5b5ce.html
555262977,炮神,8.4,youku,http://list.youku.com/show/id_z9c4eb7da931211e5be16.html
220971379,三妹,8.6,youku,http://list.youku.com/show/id_z1a6229300de911e6b522.html
329176314,猎刃,7.2,youku,http://list.youku.com/show/id_zfdf18d8e037d11e5abda.html
444998792,麻辣变形计 TV版,9.3,youku,http://list.youku.com/show/id_zff1ec8bc835b11e5b2ad.html
3147870627,仙剑云之凡,9.1,youku,http://list.youku.com/show/id_z21073c9078a111e5b692.html
647227722,解密 TV版,9,youku,http://list.youku.com/show/id_z3e14b3da159311e69c81.html
4092079468,咱们相爱吧 TV版,5.6,youku,http://list.youku.com/show/id_z69cc4c7647d811e5a080.html
1386892707,女医明妃传,9.5,youku,http://list.youku.com/show/id_z7e51f7b0864e11e38b3f.html
4175177488,小丈夫,8.8,youku,http://list.youku.com/show/id_zc99085240dca11e683e8.html
168010225,老公们的私房钱,7.1,youku,http://list.youku.com/show/id_zdfd77502ad3611e68ce4.html
149828811,小草青青,8.1,youku,http://list.youku.com/show/id_za77357b5b53f11e69e06.html
2245824526,放弃我，抓紧我 TV版,7.9,youku,http://list.youku.com/show/id_z23b897b8296d11e6b522.html
209632800,黑狐之风影,8,youku,http://list.youku.com/show/id_z2a4578e283a211e5b2ad.html
295376730,不可能完成的任务,7.8,youku,http://list.youku.com/show/id_z5a805a82e5cb11e59e2a.html
2954058502,麻雀 TV版,9.1,youku,http://list.youku.com/show/id_zc553cf20aad811e59e2a.html
2158403148,致青春,9.6,youku,http://list.youku.com/show/id_zee1e0fe402e211e6a080.html
4669599277,好先生,9.6,youku,http://list.youku.com/show/id_z30dd4bfa060411e6a080.html
3248158868,青云志 TV版,8.6,youku,http://list.youku.com/show/id_ze46186b0f71711e5a080.html
5132842424,欢乐颂,9.8,youku,http://list.youku.com/show/id_z6b2fc09c55d011e59e2a.html
8919014616,锦绣未央,8.5,youku,http://list.youku.com/show/id_z7bd563d8a56811e5be16.html
19077433537,微微一笑很倾城,9.5,youku,http://list.youku.com/show/id_z9cd2277647d311e5b692.html
15042888,守护丽人 未删减版,8,youku,http://list.youku.com/show/id_z39befb1edbc311e68ce4.html
3817760,知青家庭,7.2,youku,http://list.youku.com/show/id_z8121b778e99911e4b432.html
112916849,于成龙,8.5,youku,http://list.youku.com/show/id_zdc3eb942cd9511e69c81.html
10085794,周末父母 未删减版,8.2,youku,http://list.youku.com/show/id_zefbfbdefbfbd59efbfbd.html
196828243,乱世丽人行,9,youku,http://list.youku.com/show/id_zc6235132314c11e6abda.html
5079617,咱家,8.1,youku,http://list.youku.com/show/id_z3e375defbfbdefbfbd11.html
32776561,妈妈向前冲冲冲,7.2,youku,http://list.youku.com/show/id_z16e7add459f411e6b9bb.html
87923526,淘气爷孙,8,youku,http://list.youku.com/show/id_za805e1c1595311e6b9bb.html
218718693,双喜盈门,8,youku,http://list.youku.com/show/id_z70e6896ed7e511e6b16e.html
22103684,新猛龙过江,8.1,youku,http://list.youku.com/show/id_z332a7c60a89011e59e2a.html
85112207,周末父母 TV版,8.7,youku,http://list.youku.com/show/id_z8d92e544a7b911e68fae.html
240965418,战火中的兄弟,6,youku,http://list.youku.com/show/id_z53e2b0546e8611e69c81.html
42133344,破晓,8.5,youku,http://list.youku.com/show/id_z1033be1a8c4811e5be16.html
51577441,老爸当家,8,youku,http://list.youku.com/show/id_z74e8c301cc0811e6b16e.html
471753894,爱，来的刚好,8.6,youku,http://list.youku.com/show/id_z05fdadafc8b811e6b16e.html
1840219582,守护丽人 TV版,9.4,youku,http://list.youku.com/show/id_z3a85e68cbc1f11e6bdbb.html
192680353,星光灿烂,8.8,youku,http://list.youku.com/show/id_z6b1814f7ecdd11e6b16e.html
123190155,大秦帝国之崛起,8.9,youku,http://list.youku.com/show/id_z6b5d941629a011e4b8b7.html
11215991168,三生三世十里桃花,9.9,youku,http://list.youku.com/show/id_z387477fb41a011e69c81.html
812606,282 第一季,6.8,youku,http://list.youku.com/show/id_zb96aed3461d511e5b432.html
9095392,瓦斯大爆报,7.8,youku,http://list.youku.com/show/id_z2b8cdb5061ab11e59e2a.html
185210,笑里藏道 第二季,5.1,youku,http://list.youku.com/show/id_z6a34383a1fca11e5b2ad.html
2388489,脑洞联萌 第一季,7.4,youku,http://list.youku.com/show/id_z4bcd09de2c2d11e5b522.html
1990727,我为什么没有男女朋友,7,youku,http://list.youku.com/show/id_zcd33a782456711e5b432.html
30598927,大面曹天,8.8,youku,http://list.youku.com/show/id_z7d8813688c4211e5b522.html
719299,我家厨房,5.8,youku,http://list.youku.com/show/id_z0f3b2f86f10b11e3a705.html
7269387,阳光派,4.3,youku,http://list.youku.com/show/id_z774650028fe311e4abda.html
827045,LOVE双重奏,6.9,youku,http://list.youku.com/show/id_z907e23828ff811e4b2ad.html
30237246,我们办人事,9.4,youku,http://list.youku.com/show/id_zcb0c70f2846811e5b2ad.html
2640519,学堂故事,8.8,youku,http://list.youku.com/show/id_z850d7ab426ef11e5b2ad.html
67272099,喵星人抢不到 第二季,8.8,youku,http://list.youku.com/show/id_z1ca33834507e11e5b522.html
497007,丝绸之路传奇,8.2,youku,http://list.youku.com/show/id_z1f7538da73a311e5b522.html
3525261,信访局长,6.7,youku,http://list.youku.com/show/id_zd8bdc7a8c3ae11e4b2ad.html
7290636,烧脑,8.7,youku,http://list.youku.com/show/id_z4614e0eafd0f11e4b432.html
594332,家国纪事,8.4,youku,http://list.youku.com/show/id_z3ce0b670a3db11e5b522.html
11050099,历史永远铭记,8.3,youku,http://list.youku.com/show/id_zb05e094c4d6211e5b5ce.html
12621275,鄂尔多斯风暴,7.8,youku,http://list.youku.com/show/id_zc7dce83097c811e5a080.html
7552630,侯天明的梦,8.5,youku,http://list.youku.com/show/id_z5d8ea676ef1211e4abda.html
9055691,剧场,8.8,youku,http://list.youku.com/show/id_ze4e35f24aedf11e2be40.html
20544053,空巢姥爷,8.2,youku,http://list.youku.com/show/id_z75421162ed8311e49e2a.html
21082150,我们家的微幸福生活,8,youku,http://list.youku.com/show/id_z82b12fdea85211e4b2ad.html
90588002,转身说爱你,8.8,youku,http://list.youku.com/show/id_za82eea209e9511e3a705.html
104984057,爱情碟中谍 TV版,9.1,youku,http://list.youku.com/show/id_zf3a6dd728c4711e59e2a.html
8670465,冤家亲家,7.1,youku,http://list.youku.com/show/id_z67c81cc81bad11e4b2ad.html
1450606,战争和人,7.2,youku,http://list.youku.com/show/id_zeaffe7f2f48711df97c0.html
137653930,猎人公会之非你莫属,6,youku,http://list.youku.com/show/id_z95f448fe8a4011e4b432.html
831610,谁欠谁的幸福,4.2,youku,http://list.youku.com/show/id_z5b23fe4c3d8111e4abda.html
13698464,大河儿女 TV版,4.5,youku,http://list.youku.com/show/id_z85711e60b48711e3a705.html
9579826,宝贝儿回家,6.2,youku,http://list.youku.com/show/id_zde9f09ac525911e2a19e.html
88945022,男人不醉,8.9,youku,http://list.youku.com/show/id_zbb0fc2de810e11e4abda.html
133364110,骄阳似我 TV版,7.9,youku,http://list.youku.com/show/id_za54e90b60e6711e4a705.html
10179130,娘心计,3.6,youku,http://list.youku.com/show/id_ze3470d1cfb0e11e19498.html
6001769,《高粱红了》,4.5,youku,http://list.youku.com/show/id_zc082a32059cd11e4b432.html
5790177,错恨,6.2,youku,http://list.youku.com/show/id_zd9923392e28b11e0a046.html
2692870,巍巍兴安岭,5.3,youku,http://list.youku.com/show/id_z1c2abe5c9d4811e4b432.html
3141945,拯救—戒毒所日记,5.3,youku,http://list.youku.com/show/id_z9ca625d800d911e3b8b7.html
14243880,鲜花盛开的村庄,4.1,youku,http://list.youku.com/show/id_z500f3e16979811e38b3f.html
5576379,义本同心,7.8,youku,http://list.youku.com/show/id_zcbff4f36962411de83b1.html
12507114,盾神,7.1,youku,http://list.youku.com/show/id_zff79a62259bf11e4abda.html
2324042,裸婚之后 DVD版,7.2,youku,http://list.youku.com/show/id_zfdafe62ad00911e3a705.html
99811570,美人如画 TV版,5.2,youku,http://list.youku.com/show/id_z0c5bcb2ce09911e38b3f.html
4932926,大河儿女 DVD版,5.3,youku,http://list.youku.com/show/id_z90279b54b64e11e3a705.html
22796751,证据,6.3,youku,http://list.youku.com/show/id_z1261e34637ea11e4b2ad.html
27819842,亲爱的,7.2,youku,http://list.youku.com/show/id_zaef6bab2318b11e3b8b7.html
9824275,婚里婚外那些事,7,youku,http://list.youku.com/show/id_ze5e09b04dfcf11e3a705.html
15605262,抉择,7,youku,http://list.youku.com/show/id_z69259c68270c11e2b356.html
10579615,大道通天,7.3,youku,http://list.youku.com/show/id_z923ed81c856211e2a19e.html
103251198,Yif魔幻 第二季,8.6,youku,http://list.youku.com/show/id_z915fd91e8b0a11e4b432.html
17484458,好男儿之情感护理,8.4,youku,http://list.youku.com/show/id_z5fd862aab66411e49e2a.html
39903995,婚姻攻防战之爱要付出,8.5,youku,http://list.youku.com/show/id_zc4718c0489eb11e5be16.html
15575898,女仆咖啡厅,7.4,youku,http://list.youku.com/show/id_zb2c8427865c811e5b0dc.html
65497273,婚姻时差 北京卫视版,9,youku,http://list.youku.com/show/id_zb4f99dfcf38c11e4abda.html
21794000,暖男的爱情与战争,8,youku,http://list.youku.com/show/id_z7da39514985d11e3b8b7.html
19206732,新济公活佛 下部未删减版,8.7,youku,http://list.youku.com/show/id_za986c344770f11e5a080.html
44608754,别让我看见,8.5,youku,http://list.youku.com/show/id_ze265ed70657c11e4b432.html
16639702,神犬小七 未删减版,9.2,youku,http://list.youku.com/show/id_zcff2a4ee3cf411e5b5ce.html
13255205,生死兄弟情,6.9,youku,http://list.youku.com/show/id_z273b3da805c611e5b2ad.html
17307101,婚姻时差 广东卫视版,8.9,youku,http://list.youku.com/show/id_zbad1c83cfeb611e49e2a.html
110903473,优叻个秀 第一季,9,youku,http://list.youku.com/show/id_zeb0b580a86ca11e5b522.html
15632781,小爸妈 未删减版,8.8,youku,http://list.youku.com/show/id_z16f971a01fb911e5b522.html
943817047,新济公活佛 下部TV版,9.3,youku,http://list.youku.com/show/id_z9fb4364e770f11e5b692.html
26818943,大汉情缘之云中歌 未删减版,9.2,youku,http://list.youku.com/show/id_z614d5a7c560b11e59e2a.html
59795895,山海经之山河图,9,youku,http://list.youku.com/show/id_z8103d4aca23911e5b522.html
105796825,国产大英雄,9.1,youku,http://list.youku.com/show/id_z55030d44080d11e5a080.html
29429505,爱的保镖,7.5,youku,http://list.youku.com/show/id_z2c739bd60d9111e4b2ad.html
183145944,球爱酒吧,7.1,youku,http://list.youku.com/show/id_z24f7bb0cf69511e38b3f.html
25530142,用一生去爱你,5.1,youku,http://list.youku.com/show/id_z781791a80d8911e48b3f.html
62591845,美人如画 DVD版,5.8,youku,http://list.youku.com/show/id_zb5b09e60d5d811e0a046.html
14726185,亲情保卫战,4.5,youku,http://list.youku.com/show/id_zcb90ae12a96911e2a19e.html
152015628,不是不想嫁,5.9,youku,http://list.youku.com/show/id_za6e80bc0fc0911e38b3f.html
7223990,大南迁,7,youku,http://list.youku.com/show/id_z6a1abca41baf11e4b2ad.html
8892207,洪流,6.2,youku,http://list.youku.com/show/id_zfb3478f021f911e097c0.html
4852825,骄阳似我 完整版,8.7,youku,http://list.youku.com/show/id_z47b7dfc658a411e38b3f.html
32895661,家宴,5.3,youku,http://list.youku.com/show/id_z4b974058607c11e2b356.html
4187396,待到山花烂漫时,6.1,youku,http://list.youku.com/show/id_zcd6e00eadf6711e0a046.html
35971323,养女,3.8,youku,http://list.youku.com/show/id_z4a97a6e8224211e2b2ac.html
10136537,黄金背后,4.4,youku,http://list.youku.com/show/id_zd7e1d98032c111e296ac.html
53685152,清网行动,6.7,youku,http://list.youku.com/show/id_z8a04dada657a11e4b2ad.html
8102197,返城年代,4,youku,http://list.youku.com/show/id_zc0670528a27d11e3b8b7.html
18152869,穿越火线 DVD版,6.1,youku,http://list.youku.com/show/id_z13e8388c55d111e4abda.html
22760164,憨妻的都市日记,5.9,youku,http://list.youku.com/show/id_z90ff88502f5e11e4b2ad.html
21686255,油菜花香,6.1,youku,http://list.youku.com/show/id_zc2457ed2aedc11e29498.html
213671753,一又二分之一的夏天 TV版,8.4,youku,http://list.youku.com/show/id_zd3baef52d7c311e2b2ac.html
73828710,微笑江湖,6.9,youku,http://list.youku.com/show/id_z5e078870ce9311e38b3f.html
19329353,九死一生,3.6,youku,http://list.youku.com/show/id_z1f12e4a0f78511e38b3f.html
762816,天下一碗,0,youku,http://list.youku.com/show/id_zcbffe0c2962411de83b1.html
42627281,兄弟兄弟,5.4,youku,http://list.youku.com/show/id_z7c757fcac42511e2a19e.html
15138860,火线英雄,8.6,youku,http://list.youku.com/show/id_zd2f20ff2c4c511e3a705.html
4498770,钱塘传奇,8.4,youku,http://list.youku.com/show/id_za9b90eead32c11e3b8b7.html
19702783,铁甲舰上的男人们,8.6,youku,http://list.youku.com/show/id_ze50c298ce32f11e49e2a.html
136290055,恋上黑天使,9.3,youku,http://list.youku.com/show/id_z6d9d429e78a011e5b432.html
30653768,爱你一生,7.3,youku,http://list.youku.com/show/id_zf8421deae32f11e4a080.html
1183427,新京华烟云,8.2,youku,http://list.youku.com/show/id_zfbd93cd0b7b811e2be40.html
39143614,出关,7.4,youku,http://list.youku.com/show/id_zf0fce26679c911e38b3f.html
57982903,映山红,7,youku,http://list.youku.com/show/id_zea4a034ad48a11e5b32f.html
17641952,爱情不打烊,8.3,youku,http://list.youku.com/show/id_z32ea6056ed5e11e38b3f.html
21444611,爱情碟中谍 未删减版,9,youku,http://list.youku.com/show/id_z407798a0927711e5b522.html
5330228,冰与火的青春 未删减版,9,youku,http://list.youku.com/show/id_zb4c7f9ee156711e5b432.html
29968433,麻雀春天,7.2,youku,http://list.youku.com/show/id_z4a6aca542e5411e4b432.html
54485136,大舜,8.9,youku,http://list.youku.com/show/id_z3a30429c855211e2b16f.html
61264874,猜拳,7.2,youku,http://list.youku.com/show/id_zbc033596d13f11e49e2a.html
58983433,如果爱可以重来,8.2,youku,http://list.youku.com/show/id_z292aa410c17811e4b8e3.html
64306994,二婶,8.2,youku,http://list.youku.com/show/id_zc2859158f38f11e4b522.html
142120794,爱的秘笈,9.1,youku,http://list.youku.com/show/id_z6bfca54ad00b11e3a705.html
32434414,爱你不放手,6.1,youku,http://list.youku.com/show/id_zfbd377c4a99711e3a705.html
5996576,生死血符,8.8,youku,http://list.youku.com/show/id_z3b1a8d2c554611e5b522.html
14239195,不能没有家,7.9,youku,http://list.youku.com/show/id_zff5a1b1e96ab11e29498.html
28800878,私房钱,8.8,youku,http://list.youku.com/show/id_z7b27b4d88d1011e5b692.html
16258155,大江东去,7.7,youku,http://list.youku.com/show/id_z12f82d94f55c11e4a080.html
47366112,坐88路车回家,8.8,youku,http://list.youku.com/show/id_zbe51181032f111e38b3f.html
15850093,聊斋新编 DVD版,8.7,youku,http://list.youku.com/show/id_z426a45a4f3ad11e4abda.html
53246945,秦时明月 未删减版,9.3,youku,http://list.youku.com/show/id_zbf15e83a927511e5a080.html
47152939,末代皇帝传奇,8.8,youku,http://list.youku.com/show/id_zea8ac3a2708211e4abda.html
21712466,离婚协议,8,youku,http://list.youku.com/show/id_z12462a52855d11e2b356.html
101790279,裸婚之后 TV版,5.9,youku,http://list.youku.com/show/id_z1b78e956d33211e38b3f.html
13004807,人是铁饭是钢,5.8,youku,http://list.youku.com/show/id_zf74ef0e8da8c11e0a046.html
88441043,相爱十年 DVD版,7.3,youku,http://list.youku.com/show/id_z3a3191ae0ffc11e2b16f.html
42705412,我的博士老公,8.9,youku,http://list.youku.com/show/id_z01c1638625bc11e3a705.html
87352935,当婆婆遇上妈之欢喜冤家,6.4,youku,http://list.youku.com/show/id_z8b9e306216f611e4b2ad.html
61912841,错婚,4.3,youku,http://list.youku.com/show/id_z9f7d7a46a77111df97c0.html
19326948,领袖,6.9,youku,http://list.youku.com/show/id_zeb81643a47b711e4a080.html
7874660,追求幸福的日子,5.9,youku,http://list.youku.com/show/id_z1022622a0d8a11e48b3f.html
9271635,嫁给爱情,6.1,youku,http://list.youku.com/show/id_zbe82187ec41711e1b2ac.html
2960982,真爱背后,8.5,youku,http://list.youku.com/show/id_z3da5eccaf65411e1b356.html
40164534,"我在北京,挺好的",5.5,youku,http://list.youku.com/show/id_z641f16b6fd6e11e2b8b7.html
78531432,老爸回家,5.8,youku,http://list.youku.com/show/id_z0ae32ae2a0da11e2a19e.html
29941519,一又二分之一的夏天 DVD版,8.4,youku,http://list.youku.com/show/id_z0547630c036011e4b2ad.html
63649380,舰在亚丁湾,6.7,youku,http://list.youku.com/show/id_zf5c8ddde0d9111e4a705.html
29896023,加油爱人 DVD版,4.7,youku,http://list.youku.com/show/id_z9b8c7bcad9b911e3b8b7.html
76257190,穿越火线 TV版,5.7,youku,http://list.youku.com/show/id_z26fb065c55d111e4abda.html
35730178,虎口拔牙,6.7,youku,http://list.youku.com/show/id_z02c060267b5a11e4b2ad.html
93448121,大漠苍狼,6.5,youku,http://list.youku.com/show/id_z94e02d9860b611e38b3f.html
92347410,兵出潼关,5.8,youku,http://list.youku.com/show/id_z4f42faa02d9211e4b2ad.html
7028079,完美新娘,7.4,youku,http://list.youku.com/show/id_z9dc980b6a3cf11e296da.html
169494952,大都市小爱情,6.9,youku,http://list.youku.com/show/id_za5e1239a0bca11e38b3f.html
51758112,大村官之放飞梦想,8.3,youku,http://list.youku.com/show/id_z03cce654c2dd11e4abda.html
8375498,青春万万岁,8.4,youku,http://list.youku.com/show/id_zbdb9e9f4bd5611e4b432.html
4630583,爸爸快长大,8.4,youku,http://list.youku.com/show/id_z1e416048a2b111e3a705.html
3008019,淑女之家,8.9,youku,http://list.youku.com/show/id_z7cf7cbeed4a411e2b16f.html
162864179,东江英雄刘黑仔,7.1,youku,http://list.youku.com/show/id_zf789007e854111e296ac.html
18226831,偏偏喜欢你 DVD版,9,youku,http://list.youku.com/show/id_zc40ca662133611e5abda.html
14063436,太行山上,7.7,youku,http://list.youku.com/show/id_z5a812978367911e5b432.html
112154900,温州两家人,9.2,youku,http://list.youku.com/show/id_zc902e8b089e811e5b522.html
35801700,月供,9.4,youku,http://list.youku.com/show/id_z88f028fc16f111e4a705.html
104496666,巨浪,7.7,youku,http://list.youku.com/show/id_z5635883057a011e5a080.html
34246392,伙伴夫妻,8.5,youku,http://list.youku.com/show/id_zc80ad372cc7511e4b2ad.html
46452502,香火,8.4,youku,http://list.youku.com/show/id_zdab5ddc6613011e296ac.html
5803204,黄河在咆哮,7.4,youku,http://list.youku.com/show/id_zfd50ec66374a11e5b692.html
147517677,待嫁老爸,9,youku,http://list.youku.com/show/id_z131ba36a29d211e4b8b7.html
272339222,我的媳妇是女王,9.3,youku,http://list.youku.com/show/id_z1308f646367b11e5b2ad.html
70385332,突围突围,6.7,youku,http://list.youku.com/show/id_z12d6cc58c3cf11e4b692.html
9129373,二十四道拐,7.4,youku,http://list.youku.com/show/id_zd147ce98508e11e5b5ce.html
38170423,边关烽火情,7.3,youku,http://list.youku.com/show/id_z622975543ac211e3b8b7.html
44316352,绝命追踪,8.9,youku,http://list.youku.com/show/id_zf82a67f823c211e5a080.html
195578670,地雷英雄传,7.9,youku,http://list.youku.com/show/id_z29456a3a60c811e5b432.html
48776045,岁月如金,8.9,youku,http://list.youku.com/show/id_zbf86ba06a8d511e296ac.html
93454560,我的抗战之铁血轻奇兵,7.3,youku,http://list.youku.com/show/id_zd96feb38e32d11e4b522.html
108449145,天才J,9.9,youku,http://list.youku.com/show/id_z92a2c8f4e36111e4b5ce.html
54216235,劫中劫,7.7,youku,http://list.youku.com/show/id_z4b182f78f01b11e2a705.html
30257174,我的绝密生涯,7.2,youku,http://list.youku.com/show/id_z8727ea7af01711e2b8b7.html
38794557,我爷爷和奶奶的故事,7.4,youku,http://list.youku.com/show/id_za5ec49bad04511e3b8b7.html
254245688,我的宝贝,9.3,youku,http://list.youku.com/show/id_zf62c9c6a1a4d11e5b2ad.html
74844172,二胎,6.9,youku,http://list.youku.com/show/id_za6d8edf0becc11e2b356.html
70079608,势不两立,6.3,youku,http://list.youku.com/show/id_zf204ef24f7f011e2a705.html
56444988,镖门,8.2,youku,http://list.youku.com/show/id_z1647e22284ec11e4b2ad.html
26970078,翠兰的爱情,6,youku,http://list.youku.com/show/id_z6b28dbc8fc0e11e3b8b7.html
100027101,养父的花样年华,7.2,youku,http://list.youku.com/show/id_z85385ef25a5b11e4a080.html
69688164,怒放,7.8,youku,http://list.youku.com/show/id_z251661e8954511e4abda.html
33341538,觉醒者,6.1,youku,http://list.youku.com/show/id_zfa30c3a0326c11e4b2ad.html
149870630,别逼我结婚,7.2,youku,http://list.youku.com/show/id_ze37e654666c411e38b3f.html
73505229,武林猛虎,3.9,youku,http://list.youku.com/show/id_z44a73e7a27e611e2b356.html
65153737,错放你的手,3.7,youku,http://list.youku.com/show/id_z09d9184a93c911e3a705.html
15312587,老妈的三国时代,8.3,youku,http://list.youku.com/show/id_za86e9efae9ea11e2b8b7.html
517269894,犀利仁师 DVD版,7.6,youku,http://list.youku.com/show/id_zb721cb5a03be11e3a705.html
5167116,金牌律师,8.1,youku,http://list.youku.com/show/id_zcf7eb60c695a11e3b8b7.html
52729964,反击,2.8,youku,http://list.youku.com/show/id_z68bf41ce08b211e3a705.html
78350025,匹夫英雄,8.9,youku,http://list.youku.com/show/id_z1b8c5c54e79a11e2a705.html
163324126,冒牌英雄,5.5,youku,http://list.youku.com/show/id_z60c81b9ad8c311e2b2ac.html
22590449,战火兵魂,6.4,youku,http://list.youku.com/show/id_ze9ca816803ac11e2b52a.html
38371600,刘海砍樵,5.7,youku,http://list.youku.com/show/id_z38f9d9467f2611e3a705.html
33441272,如果我爱你 DVD版,8.2,youku,http://list.youku.com/show/id_ze21e2a7e1a8911e38b3f.html
392376289,大汉贤后卫子夫 TV版,7.9,youku,http://list.youku.com/show/id_z44928e7ced1511e28b3f.html
2467669,我和我的他们,8.6,youku,http://list.youku.com/show/id_zcebae2c858ff11e4a080.html
25526143,边城,4.7,youku,http://list.youku.com/show/id_zcbacf43af77b11e3b2ad.html
100664643,铁血独立营,3,youku,http://list.youku.com/show/id_z1e076b2c4ff011e38b3f.html
300594369,铁血红安,6.8,youku,http://list.youku.com/show/id_z01cabb3ac53011e296ac.html
13842817,芙蓉诀,8.4,youku,http://list.youku.com/show/id_z47dc8e06a95711e5b692.html
188587212,小爸妈 TV版,9.2,youku,http://list.youku.com/show/id_z03a9f4fc31e911e5b522.html
49071840,猎魔,5.9,youku,http://list.youku.com/show/id_ze5c70ad08c6111e296ac.html
8932220,孤雁,8.4,youku,http://list.youku.com/show/id_z4ef8117c1a2011e5b692.html
120328708,后海不是海,8.9,youku,http://list.youku.com/show/id_z567b2ece08c411e5b522.html
17412327,仙侠剑,8.4,youku,http://list.youku.com/show/id_z07c787b2080911e48b3f.html
331978515,我的灵界男友,9.3,youku,http://list.youku.com/show/id_z105ad8523a7b11e5b432.html
60809990,地下地上之大陆小岛,8.1,youku,http://list.youku.com/show/id_z9459072afd7211e2b8b7.html
5871300,马上天下,8.6,youku,http://list.youku.com/show/id_zea989328238e11e5b692.html
215349290,左手劈刀,8.2,youku,http://list.youku.com/show/id_zdf3bf0663b1111e5b522.html
52748998,神机妙算刘伯温 TV版,8.6,youku,http://list.youku.com/show/id_zdab47e0e2ea611e5a080.html
25221931,锦绣缘华丽冒险 DVD版,8.8,youku,http://list.youku.com/show/id_zdc4a558ef52911e3a705.html
14636077,爸爸是条龙,8.6,youku,http://list.youku.com/show/id_zea8dd80a23a411e5b692.html
275494017,酷爸俏妈,9.3,youku,http://list.youku.com/show/id_z1d09e30cc79611e4b8e3.html
9638256,夺宝传奇,8.7,youku,http://list.youku.com/show/id_z648b869ae96511e49e2a.html
176689921,无敌铁桥三,8.4,youku,http://list.youku.com/show/id_zbcabfacc193f11e4b8b7.html
70350715,东北抗日联军,7.3,youku,http://list.youku.com/show/id_z732ae57e216911e5b2ad.html
36348408,少年神探狄仁杰 未删减版,9.3,youku,http://list.youku.com/show/id_za6b5a300456f11e5b5ce.html
48432408,血刃,6,youku,http://list.youku.com/show/id_zcd06112ef4c811e28b3f.html
169610844,好大一个家,8.9,youku,http://list.youku.com/show/id_z6a2a3624aee211e2a19e.html
188583888,别叫我兄弟,8.9,youku,http://list.youku.com/show/id_z2deaa2383dd711e2b356.html
107375036,于无声处,8.9,youku,http://list.youku.com/show/id_z5a7f3988ea6111e4a080.html
11767640,戴流苏耳环的少女,8.5,youku,http://list.youku.com/show/id_z00cfa43883a211e59e2a.html
234218331,会痛的17岁,9.5,youku,http://list.youku.com/show/id_ze955c2bc813d11e5a080.html
249082521,花火,9.4,youku,http://list.youku.com/show/id_z5f7a0afe9e1511e5b432.html
386559595,天使的城,9.3,youku,http://list.youku.com/show/id_z77b048e093e911e4b432.html
51033161,女人的抗战,6.3,youku,http://list.youku.com/show/id_zc9323754dbdf11e38b3f.html
123929315,寒冬,8.1,youku,http://list.youku.com/show/id_z5886cd3e6f6211e296ac.html
493003211,冰与火的青春 TV版,9.3,youku,http://list.youku.com/show/id_z16260472156511e5b5ce.html
102392028,婚姻料理,6.3,youku,http://list.youku.com/show/id_zc2dd87522e5811e4b432.html
104893303,谈判冤家,7.1,youku,http://list.youku.com/show/id_z3835db24188f11e4a705.html
106345549,我的抗战之猎豹突击,5.8,youku,http://list.youku.com/show/id_z07871f0c00d911e38b3f.html
37122765,大清盐商,8.1,youku,http://list.youku.com/show/id_z36f4748a8a7411e4abda.html
28432631,把爱带回家 DVD版,7.7,youku,http://list.youku.com/show/id_z7c249fdc5b2911e4b522.html
11965862,隋唐英雄3,8.7,youku,http://list.youku.com/show/id_z9c1676a2b91e11e2a19e.html
31100386,美丽谎言,7.1,youku,http://list.youku.com/show/id_zb694481ed00711e3b8b7.html
257533038,相爱十年 TV版,6.4,youku,http://list.youku.com/show/id_zf1d657a4f84411e3a705.html
92897922,尖刀出鞘,4.3,youku,http://list.youku.com/show/id_z95faf6cc6d3611e3a705.html
48068534,十送红军,6.8,youku,http://list.youku.com/show/id_za889a856d56a11e299f6.html
218480700,如果我爱你 TV版,4.9,youku,http://list.youku.com/show/id_zbc367750cf7211e3a705.html
210051879,万万没想到之小兵过年,6.5,youku,http://list.youku.com/show/id_za26e54fc744e11e38b3f.html
88870394,剿匪英雄,5.6,youku,http://list.youku.com/show/id_z42f0135aafd911e38b3f.html
129486770,我要当八路,6.5,youku,http://list.youku.com/show/id_z87e4c2706afb11e4abda.html
461600353,情定三生,8,youku,http://list.youku.com/show/id_z7545c5940b2711e4b8b7.html
85172655,豆腐西施杨七巧,6,youku,http://list.youku.com/show/id_zf428e5201a8311e38b3f.html
346314429,约会专家,8.3,youku,http://list.youku.com/show/id_zd7e62f2efda711e2b8b7.html
62269658,代号九耳犬,3.8,youku,http://list.youku.com/show/id_zf928b2c8234611e3a705.html
262786145,十月围城,8.2,youku,http://list.youku.com/show/id_z7d97a78256d611e296ac.html
176724694,壮士出川,5.2,youku,http://list.youku.com/show/id_z90f7743e309111e3b8b7.html
242087113,锋刃,7.9,youku,http://list.youku.com/show/id_zd81272e859c011e4b432.html
117030755,利箭纵横,4.1,youku,http://list.youku.com/show/id_zeb6aa88c66fb11e3b8b7.html
342656340,加油爱人 TV版,4.7,youku,http://list.youku.com/show/id_z99994d06dcdf11e38b3f.html
232839606,铁血武工队传奇,6,youku,http://list.youku.com/show/id_z171fb9a2438f11e4a080.html
163844090,长沙保卫战,7.4,youku,http://list.youku.com/show/id_z5577f3bec34c11e2be40.html
11134280,金战,5.1,youku,http://list.youku.com/show/id_ze91c1118f13611e38b3f.html
68586424,战地狮吼,7.5,youku,http://list.youku.com/show/id_z3adf44f8f5a611e2b8b7.html
26471136,克拉恋人 未删减版,9.1,youku,http://list.youku.com/show/id_zbe076488427411e5b522.html
53442325,菜刀班尖刀连,7.7,youku,http://list.youku.com/show/id_zfd080ed000f311e4b8b7.html
254349028,老婆大人是80后,9.2,youku,http://list.youku.com/show/id_z3a9448925e5311e4b2ad.html
43269274,家有一老,6.9,youku,http://list.youku.com/show/id_zcb4f58ea84a211e29498.html
148789042,急诊室故事,8.9,youku,http://list.youku.com/show/id_z46d6562c90b711e4a080.html
22394527,省港大营救,9,youku,http://list.youku.com/show/id_z4a1f545673a511e5a080.html
198102397,英雄祭,8.5,youku,http://list.youku.com/show/id_zc9550d905f3011e4b2ad.html
78405379,海上孟府,8.9,youku,http://list.youku.com/show/id_z8c5d6858854611e296ac.html
108743471,绝地刀锋,7.4,youku,http://list.youku.com/show/id_z4703dbe210ba11e4b8b7.html
167182647,王大花的革命生涯,8.6,youku,http://list.youku.com/show/id_z5954b7ce8cd611e4abda.html
354680167,聊斋新编 TV版,9.5,youku,http://list.youku.com/show/id_z73c90394b30c11e296da.html
157532168,青岛往事,9.5,youku,http://list.youku.com/show/id_z4957e126d4ad11e2a19e.html
24797991,锦绣缘华丽冒险 江西卫视TV版,8.9,youku,http://list.youku.com/show/id_zd12d2fdaee4a11e49e2a.html
305226214,铁在烧,8.9,youku,http://list.youku.com/show/id_z61604892705d11e4a080.html
168584283,隋唐英雄之薛刚反唐 DVD版,8.3,youku,http://list.youku.com/show/id_zcbe1a7b8b0fb11e4b692.html
120294254,我是赵传奇,8.1,youku,http://list.youku.com/show/id_zf1cad7acb59b11e4a080.html
456040505,陆小凤与花满楼,8.8,youku,http://list.youku.com/show/id_z412e0866a8d111e2b2ac.html
543746942,两生花,9.4,youku,http://list.youku.com/show/id_z823d4396e80111e4b432.html
228153703,俺娘田小草,8.8,youku,http://list.youku.com/show/id_zbbee194a72d911e5b692.html
101025008,家和万事兴 未删减版,9.2,youku,http://list.youku.com/show/id_zac21e624869111e5a080.html
263665656,地雷战,8.5,youku,http://list.youku.com/show/id_zb285958c3cdc11e59e2a.html
12523396,桃花运,8.6,youku,http://list.youku.com/show/id_ze2eb712c697111e4b2ad.html
8719572,爸爸父亲爹,8.3,youku,http://list.youku.com/show/id_z54339efe63ba11e38b3f.html
134520483,异镇,8.6,youku,http://list.youku.com/show/id_z859a677cbc6011e29498.html
279778841,敢爱,9.1,youku,http://list.youku.com/show/id_z7cf7588a130a11e4a705.html
303474581,少年神探狄仁杰 TV版,9.6,youku,http://list.youku.com/show/id_zc55a71405fb811e29498.html
32625848,当人心遇上仁心,7,youku,http://list.youku.com/show/id_z56a72182b60111e196ac.html
110890358,我的青春高八度,8.1,youku,http://list.youku.com/show/id_z927f63c4ed5c11e3b8b7.html
244898173,中国刑警803,8.6,youku,http://list.youku.com/show/id_zdc1e205a5be911e4b432.html
352923673,幸福两部曲,6.4,youku,http://list.youku.com/show/id_z7e2f6242e59211e3b8b7.html
34744211,犀利仁师 TV版,8.1,youku,http://list.youku.com/show/id_z37f39fd6f84911e38b3f.html
104571626,武媚娘传奇 未删减版,8.6,youku,http://list.youku.com/show/id_z125e80d2004f11e1a046.html
156705045,傻儿传奇,6.9,youku,http://list.youku.com/show/id_zaeea7652694411e4b522.html
32839654,开国元勋朱德,6.2,youku,http://list.youku.com/show/id_zac0d47ae534411e4b2ad.html
360255424,新济公活佛 TV版,8.1,youku,http://list.youku.com/show/id_z9189173c276b11e48b3f.html
172990537,幸福36计,7.1,youku,http://list.youku.com/show/id_zb557ab98d00d11e38b3f.html
17494486,追剿,1.5,youku,http://list.youku.com/show/id_z853f69c8517011e1b52a.html
141265538,雪鹰,5.2,youku,http://list.youku.com/show/id_z2ad1e642984411e3b8b7.html
35084803,假如幸福来临,6.1,youku,http://list.youku.com/show/id_z69da497e16fc11e4b2ad.html
47130076,大村官,5.8,youku,http://list.youku.com/show/id_zb923f0ccc46b11e3b8b7.html
92930969,野鸭子2,3.4,youku,http://list.youku.com/show/id_zba4a370cbba811e38b3f.html
62488586,狼烟遍地,4,youku,http://list.youku.com/show/id_z2407dbba567611e3a705.html
53731745,因为爱情 第二部 DVD版,6.7,youku,http://list.youku.com/show/id_z7dbb5698452a11e4b2ad.html
43442030,红箭,5.3,youku,http://list.youku.com/show/id_zd4efe61aaf0511e38b3f.html
312701360,少林寺传奇藏经阁,7.1,youku,http://list.youku.com/show/id_z025e57d8633011e4abda.html
155935741,爱情最美丽,6.9,youku,http://list.youku.com/show/id_z5a7fd2c8aede11e2be40.html
207081860,爷们儿,7.5,youku,http://list.youku.com/show/id_zb19aa9aa3a5d11e4b432.html
166371810,隋唐英雄4,5.4,youku,http://list.youku.com/show/id_zb5dc9724b91e11e2be40.html
143252541,谢文东 第二季,7.7,youku,http://list.youku.com/show/id_z252d7602080b11e4a705.html
274259316,老农民,8,youku,http://list.youku.com/show/id_z55b958d67f7011e4b432.html
306672329,马向阳下乡记,7.7,youku,http://list.youku.com/show/id_z8acba566f0e611e2a705.html
164066025,勇士之城,6.3,youku,http://list.youku.com/show/id_zcb1c9ed8fd7811e28b3f.html
258669916,穷孩子富孩子,6.4,youku,http://list.youku.com/show/id_z20c12302d55911e1b2ac.html
336663132,老兵,5.2,youku,http://list.youku.com/show/id_z83d8b7d876a811e3b8b7.html
17966903,新闺蜜时代,9.1,youku,http://list.youku.com/show/id_zb54ab366f35911e2b8b7.html
219968037,谢文东,7.4,youku,http://list.youku.com/show/id_z6ff178a2992311e3a705.html
136618029,壮丁也是兵,8.7,youku,http://list.youku.com/show/id_zacb226b0979c11e4b522.html
185431504,飞虎队,8.1,youku,http://list.youku.com/show/id_z80ae4706508d11e5b692.html
430490656,闪亮茗天,9.5,youku,http://list.youku.com/show/id_z131a5c98fd0911e4b2ad.html
42326591,神机妙算刘伯温 未删减版,8.7,youku,http://list.youku.com/show/id_z814c149ebd5911e4b692.html
59145607,错伏,7.5,youku,http://list.youku.com/show/id_z75d553fada9d11e2be40.html
158358080,泪洒女人花,7.4,youku,http://list.youku.com/show/id_z3c6f0f2827de11e3a705.html
43397858,兵变1929,7,youku,http://list.youku.com/show/id_z4b25b79c67a311e3b8b7.html
114444689,千金女贼 DVD版,8.9,youku,http://list.youku.com/show/id_z0fb6d9a0b26811e4a080.html
2492114205,大汉情缘之云中歌 TV版,9.3,youku,http://list.youku.com/show/id_ze1c378f4b91811e2be40.html
568430367,三个奶爸,9.4,youku,http://list.youku.com/show/id_z48ac7758c7b011e4b2ad.html
303937108,嫂子嫂子,8.5,youku,http://list.youku.com/show/id_z3f7d9fac44c111e5b2ad.html
157050439,婆媳的战国时代,8.4,youku,http://list.youku.com/show/id_zee28d55c502611e4a080.html
1207073588,锦绣缘华丽冒险 湖南卫视TV版,9.3,youku,http://list.youku.com/show/id_z7b4abbd4c0c611e4a080.html
583341342,最佳前男友,9.6,youku,http://list.youku.com/show/id_z70a1bb68148d11e5b2ad.html
156056192,终极对决,8,youku,http://list.youku.com/show/id_z02ad287c0be711e4b2ad.html
483627916,抓住彩虹的男人,9.4,youku,http://list.youku.com/show/id_zcdf043d8e6db11e38b3f.html
122330055,光影,7.1,youku,http://list.youku.com/show/id_zc6f4d3ca81a211e4a080.html
421755304,仙剑客栈 第一季,8.9,youku,http://list.youku.com/show/id_z5d985078c0b811e4b432.html
335690894,春江英雄之秀才遇到兵,9.4,youku,http://list.youku.com/show/id_zd66046b4e1b511e4b692.html
41545865,隋唐英雄之薛刚反唐  TV版,8,youku,http://list.youku.com/show/id_ze9f2841cbcc111e49e2a.html
113146311,妈妈向前冲,8.6,youku,http://list.youku.com/show/id_zb40bee48b5a411e4b8e3.html
35664441,鸳鸯佩,7.6,youku,http://list.youku.com/show/id_z7afcd086db7c11e1a19e.html
8369070,刺蝶,7.8,youku,http://list.youku.com/show/id_z175c250c42ce11e4b2ad.html
320633471,罗龙镇女人,7.8,youku,http://list.youku.com/show/id_z8dc3fdeedcb911e3a705.html
93022356,继父回家,8.5,youku,http://list.youku.com/show/id_zb2074ca87ee611e5b2ad.html
285815425,铁核桃,7.8,youku,http://list.youku.com/show/id_ze524a4629c8f11e4b522.html
670920727,家和万事兴 TV版,9.3,youku,http://list.youku.com/show/id_zc44d030cb1b011e4b522.html
2436542181,秦时明月 TV版,9.6,youku,http://list.youku.com/show/id_z4035f626850211e4b432.html
416893850,石敢当之雄峙天东,8.9,youku,http://list.youku.com/show/id_z8eb0eaceb33111e4b8e3.html
273289299,满仓进城,7,youku,http://list.youku.com/show/id_z2e217db2130511e4b2ad.html
211988783,花红花火,7.2,youku,http://list.youku.com/show/id_zb7f259a0656011e4a080.html
306602269,雪豹坚强岁月,7.3,youku,http://list.youku.com/show/id_z62144ad42e5b11e4abda.html
180117585,恋爱相对论,7.5,youku,http://list.youku.com/show/id_z9f302cac054f11e3a705.html
280875904,飞哥大英雄,3.9,youku,http://list.youku.com/show/id_z8f985e52678f11e38b3f.html
144692159,铁血尖刀,4.9,youku,http://list.youku.com/show/id_z75e7442416c611e3a705.html
102703232,武媚娘传奇 浙江卫视TV版,8.5,youku,http://list.youku.com/show/id_zf519d1029c9f11e4b2ad.html
408523327,把爱带回家 TV版,7.5,youku,http://list.youku.com/show/id_z7a1caccacaa611e3b8b7.html
598242014,爱情回来了,8.6,youku,http://list.youku.com/show/id_z54d0c64cec7811e3b8b7.html
594765881,一代枭雄,5.9,youku,http://list.youku.com/show/id_z6b6f9df8d4b211e299f6.html
185726609,涛女郎,5.9,youku,http://list.youku.com/show/id_zfabed00ad01511e38b3f.html
882457144,因为爱情 第二部 TV版,6.8,youku,http://list.youku.com/show/id_z4e77053855d011e4a080.html
147514554,薛丁山,5.2,youku,http://list.youku.com/show/id_z0b71ab26822411e196ac.html
480747457,鹿鼎记,8.4,youku,http://list.youku.com/show/id_z335532c627e011e3b8b7.html
591701501,大丈夫,5,youku,http://list.youku.com/show/id_zc956b924817811e3a705.html
410865580,绝地枪王,6.2,youku,http://list.youku.com/show/id_z2dc220ae484011e4a080.html
291082002,大汉贤后卫子夫 未删减版,8.3,youku,http://list.youku.com/show/id_z283daf72283311e48b3f.html
80507238,新济公活佛 未删减版,8.6,youku,http://list.youku.com/show/id_ze22734fe277911e4b8b7.html
2698115272,武媚娘传奇 湖南卫视TV版,8.9,youku,http://list.youku.com/show/id_zdfee6f12875611e4b2ad.html
453784548,刀客家族的女人,5.6,youku,http://list.youku.com/show/id_za1924b2ad00f11e3b8b7.html
700102572,产科男医生,5.5,youku,http://list.youku.com/show/id_zff173c06c4c011e38b3f.html
595213944,一仆二主,6.5,youku,http://list.youku.com/show/id_z5d61d6c2a4dc11e3a705.html
281530591,恋恋不忘,7.6,youku,http://list.youku.com/show/id_z95224500facd11e3b8b7.html
132780928,战火连天,5.1,youku,http://list.youku.com/show/id_za18e8a04f13811e3a705.html
524746472,我爱男闺蜜,6,youku,http://list.youku.com/show/id_z7dbef282330411e3a705.html
93767812,红色,9.2,youku,http://list.youku.com/show/id_zf2a09a4034d611e4abda.html
1218415598,错点鸳鸯 戏点鸳鸯,6.4,youku,http://list.youku.com/show/id_zff11bd18562611e1b318.html
953588207,乡村爱情圆舞曲,5.9,youku,http://list.youku.com/show/id_z9523895cc13911e296da.html
123184788,伪装者 未删减版,9.6,youku,http://list.youku.com/show/id_zbb8b07e83ce111e5a080.html
281711731,神犬小七 TV版,9.7,youku,http://list.youku.com/show/id_zd5abd66c252f11e5b692.html
1232090441,虎妈猫爸,9.7,youku,http://list.youku.com/show/id_z9f94b860cc6411e49e2a.html
37999318,特警力量 DVD版,8.8,youku,http://list.youku.com/show/id_z756d48a0dd9d11e4abda.html
683076208,长在面包树上的女人,9.5,youku,http://list.youku.com/show/id_za816fb62b44111e19013.html
1148432687,大好时光,9.7,youku,http://list.youku.com/show/id_z4633c05e55d011e5a080.html
291426615,大刀记,7.4,youku,http://list.youku.com/show/id_z0650a4b8979c11e4abda.html
1388249020,千金女贼 TV版,9.3,youku,http://list.youku.com/show/id_zad0e27b6531511e38b3f.html
124839778,好想好想爱上你,9.1,youku,http://list.youku.com/show/id_zf93ca35ad9d911e4b432.html
71952524,嘿！真不是闹着玩的,8.5,youku,http://list.youku.com/show/id_z7e8a8faab1c011e4b522.html
158000866,杀寇决,7.9,youku,http://list.youku.com/show/id_z604d421e4f5311e4b432.html
25982728,卧底,8.3,youku,http://list.youku.com/show/id_zd3a3859c508e11e5a080.html
289303421,生死连,8.2,youku,http://list.youku.com/show/id_z885773a0e33811e49e2a.html
741545668,幸福归来,9.3,youku,http://list.youku.com/show/id_zcea75de01a4511e5b2ad.html
225642021,嘿，老头！,9.2,youku,http://list.youku.com/show/id_z5785e428cddf11e4b8e3.html
1011289058,妻子的谎言,9,youku,http://list.youku.com/show/id_z524b772a447d11e4abda.html
418851349,激战,8.7,youku,http://list.youku.com/show/id_z4922a8503b1011e5a080.html
263980552,我的二哥二嫂,8.3,youku,http://list.youku.com/show/id_z7a5b6434a2c211e4abda.html
391767248,枪侠,8.8,youku,http://list.youku.com/show/id_z85154312801311e4abda.html
792366695,偏偏喜欢你 TV版,9.6,youku,http://list.youku.com/show/id_z685cd3d45fe311e4b2ad.html
1630876220,特警力量 TV版,9.3,youku,http://list.youku.com/show/id_zf14b1596dd9911e49e2a.html
271799389,花千骨 未删减版,9.2,youku,http://list.youku.com/show/id_zc7c670be07ff11e48b3f.html
1772929098,克拉恋人 TV版,9.8,youku,http://list.youku.com/show/id_zcfe83b2aa50111e4abda.html
1320757666,伪装者 TV版,9.8,youku,http://list.youku.com/show/id_z84ce043c4fd111e5a080.html
699237144,封神英雄,9,youku,http://list.youku.com/show/id_z895039c6b27911e4b8e3.html
2100166414,何以笙箫默,9.6,youku,http://list.youku.com/show/id_z0af300b2ed2c11e3b8b7.html
3743336342,花千骨 TV版,9.9,youku,http://list.youku.com/show/id_zaf02ac580b5711e5a080.html
467085070,野山鹰,8.2,youku,http://list.youku.com/show/id_zf65e90a030f811e59e2a.html
3801646917,琅琊榜,9.9,youku,http://list.youku.com/show/id_zd56886dc86fc11e3a705.html
